"Reporting starts","Reporting ends","Ad name",Platform,Placement,"Device platform","Ad delivery",Results,"Result indicator","Cost per results","Ad set budget","Ad set budget type","Amount spent (IDR)",Impressions,Reach,Ends,"Attribution setting",Bid,"Bid type","Last significant edit","Quality ranking","Engagement rate ranking","Conversion rate ranking","Ad set name",Reaction/Reach,"Post engagements","Link clicks","CTR (link click-through rate)",Frequency,"Instagram follows","Page engagement","Results (initial)","Results (initial) indicator"
2026-07-01,2026-07-31,"Momen Proper",Facebook,"Facebook profile feed",In-app,not_delivering,1,reach,1000,30000,Daily,1,1,1,Ongoing,"7-day click or 1-day view",0,ABSOLUTE_OCPM,2026-06-19T11:30:22+0700,-,-,-,"Micro Targeting A+",0,,,,1,0,,,
2026-07-01,2026-07-31,"Momen Proper",Facebook,"Facebook Reels",In-app,not_delivering,53787,reach,1506.18179114,30000,Daily,81013,56615,53787,Ongoing,"7-day click or 1-day view",0,ABSOLUTE_OCPM,2026-06-19T11:30:22+0700,-,-,-,"Micro Targeting A+",0.00031606,17,,,1.052578,0,17,,
2026-07-01,2026-07-31,"Momen Proper",Facebook,"Ads on Facebook Reels",In-app,not_delivering,3256,reach,1050.98280098,30000,Daily,3422,3256,3256,Ongoing,"7-day click or 1-day view",0,ABSOLUTE_OCPM,2026-06-19T11:30:22+0700,-,-,-,"Micro Targeting A+",0,,,,1,0,,,
2026-07-01,2026-07-31,"Momen Proper",Facebook,"Facebook Stories",In-app,not_delivering,1646,reach,1356.62211422,30000,Daily,2233,1671,1646,Ongoing,"7-day click or 1-day view",0,ABSOLUTE_OCPM,2026-06-19T11:30:22+0700,-,-,-,"Micro Targeting A+",0,,,,1.015188,0,,,
2026-07-01,2026-07-31,"Momen Proper",Facebook,Feed,Desktop,not_delivering,30,reach,1600,30000,Daily,48,31,30,Ongoing,"7-day click or 1-day view",0,ABSOLUTE_OCPM,2026-06-19T11:30:22+0700,-,-,-,"Micro Targeting A+",0,,,,1.033333,0,,,
2026-07-01,2026-07-31,"Momen Proper",Facebook,Feed,In-app,not_delivering,8414,reach,1532.68362253,30000,Daily,12896,8844,8414,Ongoing,"7-day click or 1-day view",0,ABSOLUTE_OCPM,2026-06-19T11:30:22+0700,-,-,-,"Micro Targeting A+",0,9,,,1.051105,0,9,,
2026-07-01,2026-07-31,"Momen Proper",Facebook,Feed,"Mobile web",not_delivering,133,reach,1511.27819549,30000,Daily,201,141,133,Ongoing,"7-day click or 1-day view",0,ABSOLUTE_OCPM,2026-06-19T11:30:22+0700,-,-,-,"Micro Targeting A+",0,,,,1.06015,0,,,
2026-07-01,2026-07-31,"Momen Proper",Facebook,"In-stream reels",In-app,not_delivering,288,reach,1375,30000,Daily,396,292,288,Ongoing,"7-day click or 1-day view",0,ABSOLUTE_OCPM,2026-06-19T11:30:22+0700,-,-,-,"Micro Targeting A+",0,,,,1.013889,0,,,
2026-07-01,2026-07-31,"Momen Proper",Facebook,Marketplace,Desktop,not_delivering,58,reach,1482.75862069,30000,Daily,86,67,58,Ongoing,"7-day click or 1-day view",0,ABSOLUTE_OCPM,2026-06-19T11:30:22+0700,-,-,-,"Micro Targeting A+",0,,,,1.155172,0,,,
2026-07-01,2026-07-31,"Momen Proper",Facebook,Marketplace,In-app,not_delivering,4816,reach,1470.72259136,30000,Daily,7083,4941,4816,Ongoing,"7-day click or 1-day view",0,ABSOLUTE_OCPM,2026-06-19T11:30:22+0700,-,-,-,"Micro Targeting A+",0,,,,1.025955,0,,,
2026-07-01,2026-07-31,"Momen Proper",Facebook,"Search results",In-app,not_delivering,2,reach,500,30000,Daily,1,2,2,Ongoing,"7-day click or 1-day view",0,ABSOLUTE_OCPM,2026-06-19T11:30:22+0700,-,-,-,"Micro Targeting A+",0,,,,1,0,,,
2026-07-01,2026-07-31,"Momen Proper",Instagram,Feed,In-app,not_delivering,773,reach,1505.82147477,30000,Daily,1164,804,773,Ongoing,"7-day click or 1-day view",0,ABSOLUTE_OCPM,2026-06-19T11:30:22+0700,-,-,-,"Micro Targeting A+",0,,,,1.040103,0,,,
2026-07-01,2026-07-31,"Momen Proper",Instagram,"Instagram Reels",In-app,not_delivering,9714,reach,1482.9112621,30000,Daily,14405,9955,9714,Ongoing,"7-day click or 1-day view",0,ABSOLUTE_OCPM,2026-06-19T11:30:22+0700,-,-,-,"Micro Targeting A+",0.00010294,1,,,1.02481,0,1,,
2026-07-01,2026-07-31,"Momen Proper",Instagram,"Instagram Stories",In-app,not_delivering,187,reach,1438.5026738,30000,Daily,269,188,187,Ongoing,"7-day click or 1-day view",0,ABSOLUTE_OCPM,2026-06-19T11:30:22+0700,-,-,-,"Micro Targeting A+",0,,,,1.005348,0,,,
2026-07-01,2026-07-31,"Momen Proper",Threads,"Threads feed",In-app,not_delivering,13,reach,1076.92307692,30000,Daily,14,13,13,Ongoing,"7-day click or 1-day view",0,ABSOLUTE_OCPM,2026-06-19T11:30:22+0700,-,-,-,"Micro Targeting A+",0,,,,1,0,,,
2026-07-01,2026-07-31,"Momen Proper",WhatsApp,Status,In-app,not_delivering,93,reach,989.24731183,30000,Daily,92,93,93,Ongoing,"7-day click or 1-day view",0,ABSOLUTE_OCPM,2026-06-19T11:30:22+0700,-,-,-,"Micro Targeting A+",0,,,,1,0,,,
2026-07-01,2026-07-31,"Momen Proper",Facebook,"Search results",In-app,not_delivering,,,,30000,Daily,1,1,1,Ongoing,"7-day click or 1-day view",60,ABSOLUTE_OCPM,2026-06-25T10:29:26+0700,-,-,-,"Micro Targeting A+",0,,,,1,0,,,
2026-07-01,2026-07-31,"Momen Proper",Instagram,Feed,In-app,not_delivering,2,actions:post_interaction_gross,49.5,30000,Daily,99,2,2,Ongoing,"7-day click or 1-day view",60,ABSOLUTE_OCPM,2026-06-25T10:29:26+0700,-,-,-,"Micro Targeting A+",1,2,,,1,0,2,,
2026-07-01,2026-07-31,"Momen Proper",Instagram,"Instagram Reels",In-app,not_delivering,2,actions:post_interaction_gross,61.5,30000,Daily,123,3,3,Ongoing,"7-day click or 1-day view",60,ABSOLUTE_OCPM,2026-06-25T10:29:26+0700,-,-,-,"Micro Targeting A+",0.66666667,2,,,1,0,2,,
2026-07-01,2026-07-31,"Tim Kopi atau Teh",Instagram,Feed,In-app,not_delivering,8,actions:post_interaction_gross,57.875,30000,Daily,463,12,11,Ongoing,"7-day click or 1-day view",60,ABSOLUTE_OCPM,2026-06-25T10:29:26+0700,-,-,-,"Micro Targeting A+",0.63636364,8,,,1.090909,0,8,,
2026-07-01,2026-07-31,"Tim Kopi atau Teh",Instagram,"Instagram Reels",In-app,not_delivering,,,,30000,Daily,119,4,4,Ongoing,"7-day click or 1-day view",60,ABSOLUTE_OCPM,2026-06-25T10:29:26+0700,-,-,-,"Micro Targeting A+",0,,,,1,0,,,
2026-07-01,2026-07-31,"Dapet Kerjaan di Luar Jobdesk",Facebook,"Facebook Reels",In-app,inactive,18,actions:post_interaction_gross,1478.72222222,30000,Daily,26617,4106,3872,Ongoing,"7-day click or 1-day view",60,ABSOLUTE_OCPM,2026-06-25T10:29:26+0700,-,-,-,"Micro Targeting A+",0.00464876,3081,,,1.060434,0,3081,,
2026-07-01,2026-07-31,"Dapet Kerjaan di Luar Jobdesk",Facebook,"Facebook Reels","Mobile web",inactive,,,,30000,Daily,667,129,119,Ongoing,"7-day click or 1-day view",60,ABSOLUTE_OCPM,2026-06-25T10:29:26+0700,-,-,-,"Micro Targeting A+",0,86,,,1.084034,0,86,,
2026-07-01,2026-07-31,"Dapet Kerjaan di Luar Jobdesk",Facebook,"Facebook Stories",In-app,inactive,,,,30000,Daily,12,3,3,Ongoing,"7-day click or 1-day view",60,ABSOLUTE_OCPM,2026-06-25T10:29:26+0700,-,-,-,"Micro Targeting A+",0,1,,,1,0,1,,
2026-07-01,2026-07-31,"Dapet Kerjaan di Luar Jobdesk",Facebook,Feed,Desktop,inactive,,,,30000,Daily,120,19,18,Ongoing,"7-day click or 1-day view",60,ABSOLUTE_OCPM,2026-06-25T10:29:26+0700,-,-,-,"Micro Targeting A+",0,9,,,1.055556,0,9,,
2026-07-01,2026-07-31,"Dapet Kerjaan di Luar Jobdesk",Facebook,Feed,In-app,inactive,,,,30000,Daily,4825,864,864,Ongoing,"7-day click or 1-day view",60,ABSOLUTE_OCPM,2026-06-25T10:29:26+0700,-,-,-,"Micro Targeting A+",0,511,,,1,0,511,,
2026-07-01,2026-07-31,"Dapet Kerjaan di Luar Jobdesk",Facebook,"In-stream reels",In-app,inactive,,,,30000,Daily,23615,1491,1370,Ongoing,"7-day click or 1-day view",60,ABSOLUTE_OCPM,2026-06-25T10:29:26+0700,-,-,-,"Micro Targeting A+",0,1075,,,1.088321,0,1075,,
2026-07-01,2026-07-31,"Dapet Kerjaan di Luar Jobdesk",Instagram,Feed,Desktop,inactive,,,,30000,Daily,228,47,43,Ongoing,"7-day click or 1-day view",60,ABSOLUTE_OCPM,2026-06-25T10:29:26+0700,-,-,-,"Micro Targeting A+",0,25,,,1.093023,0,25,,
2026-07-01,2026-07-31,"Dapet Kerjaan di Luar Jobdesk",Instagram,Feed,In-app,inactive,6,actions:post_interaction_gross,2007.33333333,30000,Daily,12044,2134,2086,Ongoing,"7-day click or 1-day view",60,ABSOLUTE_OCPM,2026-06-25T10:29:26+0700,-,-,-,"Micro Targeting A+",0.00239693,1270,,,1.023011,0,1270,,
2026-07-01,2026-07-31,"Dapet Kerjaan di Luar Jobdesk",Instagram,Feed,"Mobile web",inactive,,,,30000,Daily,21,9,9,Ongoing,"7-day click or 1-day view",60,ABSOLUTE_OCPM,2026-06-25T10:29:26+0700,-,-,-,"Micro Targeting A+",0,4,,,1,0,4,,
2026-07-01,2026-07-31,"Dapet Kerjaan di Luar Jobdesk",Instagram,"Explore home",In-app,inactive,,,,30000,Daily,311,54,53,Ongoing,"7-day click or 1-day view",60,ABSOLUTE_OCPM,2026-06-25T10:29:26+0700,-,-,-,"Micro Targeting A+",0,31,,,1.018868,0,31,,
2026-07-01,2026-07-31,"Dapet Kerjaan di Luar Jobdesk",Instagram,"Instagram Reels",Desktop,inactive,,,,30000,Daily,939,209,207,Ongoing,"7-day click or 1-day view",60,ABSOLUTE_OCPM,2026-06-25T10:29:26+0700,-,-,-,"Micro Targeting A+",0,29,,,1.009662,0,29,,
2026-07-01,2026-07-31,"Dapet Kerjaan di Luar Jobdesk",Instagram,"Instagram Reels",In-app,inactive,130,actions:post_interaction_gross,1381.99230769,30000,Daily,179659,34100,33376,Ongoing,"7-day click or 1-day view",60,ABSOLUTE_OCPM,2026-06-25T10:29:26+0700,-,-,-,"Micro Targeting A+",0.00374521,17472,,,1.021692,0,17472,,
2026-07-01,2026-07-31,"Dapet Kerjaan di Luar Jobdesk",Instagram,"Instagram Reels","Mobile web",inactive,,,,30000,Daily,69,22,22,Ongoing,"7-day click or 1-day view",60,ABSOLUTE_OCPM,2026-06-25T10:29:26+0700,-,-,-,"Micro Targeting A+",0,4,,,1,0,4,,
2026-07-01,2026-07-31,"Dapet Kerjaan di Luar Jobdesk",Instagram,"Instagram search results",In-app,inactive,,,,30000,Daily,4,2,2,Ongoing,"7-day click or 1-day view",60,ABSOLUTE_OCPM,2026-06-25T10:29:26+0700,-,-,-,"Micro Targeting A+",0,,,,1,0,,,
2026-07-01,2026-07-31,"Dapet Kerjaan di Luar Jobdesk",Instagram,"Instagram Stories",Desktop,inactive,,,,30000,Daily,14,8,8,Ongoing,"7-day click or 1-day view",60,ABSOLUTE_OCPM,2026-06-25T10:29:26+0700,-,-,-,"Micro Targeting A+",0,1,,,1,0,1,,
2026-07-01,2026-07-31,"Dapet Kerjaan di Luar Jobdesk",Instagram,"Instagram Stories",In-app,inactive,,,,30000,Daily,1889,51,51,Ongoing,"7-day click or 1-day view",60,ABSOLUTE_OCPM,2026-06-25T10:29:26+0700,-,-,-,"Micro Targeting A+",0,41,,,1,0,41,,
2026-07-01,2026-07-31,"Dapet Kerjaan di Luar Jobdesk",Instagram,"Instagram Stories","Mobile web",inactive,,,,30000,Daily,3,2,2,Ongoing,"7-day click or 1-day view",60,ABSOLUTE_OCPM,2026-06-25T10:29:26+0700,-,-,-,"Micro Targeting A+",0,,,,1,0,,,
2026-07-01,2026-07-31,"Dapet Kerjaan di Luar Jobdesk",Uncategorized,Uncategorized,Uncategorized,inactive,,,,30000,Daily,0,0,0,Ongoing,"7-day click or 1-day view",60,ABSOLUTE_OCPM,2026-06-25T10:29:26+0700,-,-,-,"Micro Targeting A+",,73,,,0,0,73,,
2026-07-01,2026-07-31,"Punya Peran Masing-masing",Facebook,"Facebook Reels",In-app,not_delivering,1078,reach,1427.64378479,30000,Daily,1539,1085,1078,Ongoing,"7-day click or 1-day view",0,ABSOLUTE_OCPM,2026-06-19T11:30:22+0700,-,-,-,"Micro Targeting A+",0,,,,1.006494,0,,,
2026-07-01,2026-07-31,"Punya Peran Masing-masing",Facebook,"Ads on Facebook Reels",In-app,not_delivering,860,reach,1240.69767442,30000,Daily,1067,862,860,Ongoing,"7-day click or 1-day view",0,ABSOLUTE_OCPM,2026-06-19T11:30:22+0700,-,-,-,"Micro Targeting A+",0,,,,1.002326,0,,,
2026-07-01,2026-07-31,"Punya Peran Masing-masing",Facebook,"Facebook Stories",In-app,not_delivering,23,reach,1173.91304348,30000,Daily,27,23,23,Ongoing,"7-day click or 1-day view",0,ABSOLUTE_OCPM,2026-06-19T11:30:22+0700,-,-,-,"Micro Targeting A+",0,,,,1,0,,,
2026-07-01,2026-07-31,"Punya Peran Masing-masing",Facebook,Feed,Desktop,not_delivering,6,reach,1666.66666667,30000,Daily,10,7,6,Ongoing,"7-day click or 1-day view",0,ABSOLUTE_OCPM,2026-06-19T11:30:22+0700,-,-,-,"Micro Targeting A+",0,,,,1.166667,0,,,
2026-07-01,2026-07-31,"Punya Peran Masing-masing",Facebook,Feed,In-app,not_delivering,1184,reach,1367.39864865,30000,Daily,1619,1212,1184,Ongoing,"7-day click or 1-day view",0,ABSOLUTE_OCPM,2026-06-19T11:30:22+0700,-,-,-,"Micro Targeting A+",0.00084459,2,,,1.023649,0,2,,
2026-07-01,2026-07-31,"Punya Peran Masing-masing",Facebook,Feed,"Mobile web",not_delivering,13,reach,1461.53846154,30000,Daily,19,13,13,Ongoing,"7-day click or 1-day view",0,ABSOLUTE_OCPM,2026-06-19T11:30:22+0700,-,-,-,"Micro Targeting A+",0,,,,1,0,,,
2026-07-01,2026-07-31,"Punya Peran Masing-masing",Facebook,"In-stream reels",In-app,not_delivering,67,reach,1462.68656716,30000,Daily,98,67,67,Ongoing,"7-day click or 1-day view",0,ABSOLUTE_OCPM,2026-06-19T11:30:22+0700,-,-,-,"Micro Targeting A+",0,,,,1,0,,,
2026-07-01,2026-07-31,"Punya Peran Masing-masing",Facebook,Marketplace,Desktop,not_delivering,1,reach,2000,30000,Daily,2,1,1,Ongoing,"7-day click or 1-day view",0,ABSOLUTE_OCPM,2026-06-19T11:30:22+0700,-,-,-,"Micro Targeting A+",0,,,,1,0,,,
2026-07-01,2026-07-31,"Punya Peran Masing-masing",Facebook,Marketplace,In-app,not_delivering,49,reach,1489.79591837,30000,Daily,73,51,49,Ongoing,"7-day click or 1-day view",0,ABSOLUTE_OCPM,2026-06-19T11:30:22+0700,-,-,-,"Micro Targeting A+",0,,,,1.040816,0,,,
2026-07-01,2026-07-31,"Punya Peran Masing-masing",Instagram,Feed,In-app,not_delivering,130,reach,1446.15384615,30000,Daily,188,130,130,Ongoing,"7-day click or 1-day view",0,ABSOLUTE_OCPM,2026-06-19T11:30:22+0700,-,-,-,"Micro Targeting A+",0,,,,1,0,,,
2026-07-01,2026-07-31,"Punya Peran Masing-masing",Instagram,"Instagram Reels",In-app,not_delivering,639,reach,1438.18466354,30000,Daily,919,639,639,Ongoing,"7-day click or 1-day view",0,ABSOLUTE_OCPM,2026-06-19T11:30:22+0700,-,-,-,"Micro Targeting A+",0,,,,1,0,,,
2026-07-01,2026-07-31,"Punya Peran Masing-masing",Instagram,"Instagram Stories",In-app,not_delivering,43,reach,1418.60465116,30000,Daily,61,43,43,Ongoing,"7-day click or 1-day view",0,ABSOLUTE_OCPM,2026-06-19T11:30:22+0700,-,-,-,"Micro Targeting A+",0,,,,1,0,,,
2026-07-01,2026-07-31,"Punya Peran Masing-masing",Threads,"Threads feed",In-app,not_delivering,3,reach,1333.33333333,30000,Daily,4,3,3,Ongoing,"7-day click or 1-day view",0,ABSOLUTE_OCPM,2026-06-19T11:30:22+0700,-,-,-,"Micro Targeting A+",0,,,,1,0,,,
2026-07-01,2026-07-31,"Punya Peran Masing-masing",Facebook,"Facebook profile feed",In-app,inactive,7,reach,1000,50000,Daily,7,7,7,Ongoing,"7-day click or 1-day view",0,ABSOLUTE_OCPM,2026-07-24T11:29:11+0700,-,-,-,"Micro Targeting A+",0,,,,1,0,,,
2026-07-01,2026-07-31,"Punya Peran Masing-masing",Facebook,"Facebook Reels",In-app,inactive,81100,reach,2189.82737361,50000,Daily,177595,131700,81100,Ongoing,"7-day click or 1-day view",0,ABSOLUTE_OCPM,2026-07-24T11:29:11+0700,-,-,-,"Micro Targeting A+",0.00051788,43,1,0.000759,1.623921,0,43,,
2026-07-01,2026-07-31,"Punya Peran Masing-masing",Facebook,"Ads on Facebook Reels",In-app,inactive,4647,reach,1068.86163116,50000,Daily,4967,4647,4647,Ongoing,"7-day click or 1-day view",0,ABSOLUTE_OCPM,2026-07-24T11:29:11+0700,-,-,-,"Micro Targeting A+",0,,,,1,0,,,
2026-07-01,2026-07-31,"Punya Peran Masing-masing",Facebook,"Facebook Stories",In-app,inactive,4063,reach,1329.06719173,50000,Daily,5400,4438,4063,Ongoing,"7-day click or 1-day view",0,ABSOLUTE_OCPM,2026-07-24T11:29:11+0700,-,-,-,"Micro Targeting A+",0,,,,1.092296,0,,,
2026-07-01,2026-07-31,"Punya Peran Masing-masing",Facebook,Feed,Desktop,inactive,128,reach,1445.3125,50000,Daily,185,134,128,Ongoing,"7-day click or 1-day view",0,ABSOLUTE_OCPM,2026-07-24T11:29:11+0700,-,-,-,"Micro Targeting A+",0,,,,1.046875,0,,,
2026-07-01,2026-07-31,"Punya Peran Masing-masing",Facebook,Feed,In-app,inactive,28209,reach,1476.12464107,50000,Daily,41640,30211,28209,Ongoing,"7-day click or 1-day view",0,ABSOLUTE_OCPM,2026-07-24T11:29:11+0700,-,-,-,"Micro Targeting A+",0.00031905,53,1,0.00331,1.07097,0,53,,
2026-07-01,2026-07-31,"Punya Peran Masing-masing",Facebook,Feed,"Mobile web",inactive,313,reach,1479.23322684,50000,Daily,463,361,313,Ongoing,"7-day click or 1-day view",0,ABSOLUTE_OCPM,2026-07-24T11:29:11+0700,-,-,-,"Micro Targeting A+",0,,,,1.153355,0,,,
2026-07-01,2026-07-31,"Punya Peran Masing-masing",Facebook,"In-stream reels",In-app,inactive,1886,reach,1639.4485684,50000,Daily,3092,2306,1886,Ongoing,"7-day click or 1-day view",0,ABSOLUTE_OCPM,2026-07-24T11:29:11+0700,-,-,-,"Micro Targeting A+",0,,,,1.222694,0,,,
2026-07-01,2026-07-31,"Punya Peran Masing-masing",Facebook,Marketplace,Desktop,inactive,54,reach,2685.18518519,50000,Daily,145,109,54,Ongoing,"7-day click or 1-day view",0,ABSOLUTE_OCPM,2026-07-24T11:29:11+0700,-,-,-,"Micro Targeting A+",0,,,,2.018519,0,,,
2026-07-01,2026-07-31,"Punya Peran Masing-masing",Facebook,Marketplace,In-app,inactive,5618,reach,2250.26699893,50000,Daily,12642,9377,5618,Ongoing,"7-day click or 1-day view",0,ABSOLUTE_OCPM,2026-07-24T11:29:11+0700,-,-,-,"Micro Targeting A+",0,3,3,0.031993,1.669099,0,3,,
2026-07-01,2026-07-31,"Punya Peran Masing-masing",Facebook,"Search results",In-app,inactive,1,reach,1000,50000,Daily,1,1,1,Ongoing,"7-day click or 1-day view",0,ABSOLUTE_OCPM,2026-07-24T11:29:11+0700,-,-,-,"Micro Targeting A+",0,,,,1,0,,,
2026-07-01,2026-07-31,"Punya Peran Masing-masing",Instagram,Feed,In-app,inactive,5234,reach,1457.96713794,50000,Daily,7631,5641,5234,Ongoing,"7-day click or 1-day view",0,ABSOLUTE_OCPM,2026-07-24T11:29:11+0700,-,-,-,"Micro Targeting A+",0.00076423,5,,,1.077761,0,5,,
2026-07-01,2026-07-31,"Punya Peran Masing-masing",Instagram,"Explore home",In-app,inactive,7,reach,857.14285714,50000,Daily,6,7,7,Ongoing,"7-day click or 1-day view",0,ABSOLUTE_OCPM,2026-07-24T11:29:11+0700,-,-,-,"Micro Targeting A+",0,,,,1,0,,,
2026-07-01,2026-07-31,"Punya Peran Masing-masing",Instagram,"Instagram Reels",In-app,inactive,58591,reach,1600.75779557,50000,Daily,93790,68758,58591,Ongoing,"7-day click or 1-day view",0,ABSOLUTE_OCPM,2026-07-24T11:29:11+0700,-,-,-,"Micro Targeting A+",0.00037548,26,,,1.173525,0,26,,
2026-07-01,2026-07-31,"Punya Peran Masing-masing",Instagram,"Instagram Stories",In-app,inactive,943,reach,1487.80487805,50000,Daily,1403,1014,943,Ongoing,"7-day click or 1-day view",0,ABSOLUTE_OCPM,2026-07-24T11:29:11+0700,-,-,-,"Micro Targeting A+",0,,,,1.075292,0,,,
2026-07-01,2026-07-31,"Punya Peran Masing-masing",Threads,"Threads feed",In-app,inactive,44,reach,1136.36363636,50000,Daily,50,45,44,Ongoing,"7-day click or 1-day view",0,ABSOLUTE_OCPM,2026-07-24T11:29:11+0700,-,-,-,"Micro Targeting A+",0,,,,1.022727,0,,,
2026-07-01,2026-07-31,"Nobar Bola",Facebook,"Facebook Reels",In-app,inactive,4101,reach,1548.89051451,50000,Daily,6352,4440,4101,Ongoing,"7-day click or 1-day view",0,ABSOLUTE_OCPM,2026-07-24T11:29:11+0700,-,-,-,"Micro Targeting A+",0.00024384,1,,,1.082663,0,1,,
2026-07-01,2026-07-31,"Nobar Bola",Facebook,"Ads on Facebook Reels",In-app,inactive,70,reach,1128.57142857,50000,Daily,79,70,70,Ongoing,"7-day click or 1-day view",0,ABSOLUTE_OCPM,2026-07-24T11:29:11+0700,-,-,-,"Micro Targeting A+",0,,,,1,0,,,
2026-07-01,2026-07-31,"Nobar Bola",Facebook,"Facebook Stories",In-app,inactive,118,reach,1313.55932203,50000,Daily,155,119,118,Ongoing,"7-day click or 1-day view",0,ABSOLUTE_OCPM,2026-07-24T11:29:11+0700,-,-,-,"Micro Targeting A+",0,,,,1.008475,0,,,
2026-07-01,2026-07-31,"Nobar Bola",Facebook,Feed,Desktop,inactive,23,reach,1565.2173913,50000,Daily,36,23,23,Ongoing,"7-day click or 1-day view",0,ABSOLUTE_OCPM,2026-07-24T11:29:11+0700,-,-,-,"Micro Targeting A+",0,,,,1,0,,,
2026-07-01,2026-07-31,"Nobar Bola",Facebook,Feed,In-app,inactive,2138,reach,1521.98316183,50000,Daily,3254,2211,2138,Ongoing,"7-day click or 1-day view",0,ABSOLUTE_OCPM,2026-07-24T11:29:11+0700,-,-,-,"Micro Targeting A+",0,4,,,1.034144,0,4,,
2026-07-01,2026-07-31,"Nobar Bola",Facebook,Feed,"Mobile web",inactive,22,reach,1454.54545455,50000,Daily,32,22,22,Ongoing,"7-day click or 1-day view",0,ABSOLUTE_OCPM,2026-07-24T11:29:11+0700,-,-,-,"Micro Targeting A+",0,,,,1,0,,,
2026-07-01,2026-07-31,"Nobar Bola",Facebook,"In-stream reels",In-app,inactive,40,reach,1250,50000,Daily,50,41,40,Ongoing,"7-day click or 1-day view",0,ABSOLUTE_OCPM,2026-07-24T11:29:11+0700,-,-,-,"Micro Targeting A+",0,,,,1.025,0,,,
2026-07-01,2026-07-31,"Nobar Bola",Facebook,Marketplace,Desktop,inactive,10,reach,1800,50000,Daily,18,12,10,Ongoing,"7-day click or 1-day view",0,ABSOLUTE_OCPM,2026-07-24T11:29:11+0700,-,-,-,"Micro Targeting A+",0,,,,1.2,0,,,
2026-07-01,2026-07-31,"Nobar Bola",Facebook,Marketplace,In-app,inactive,1341,reach,1577.18120805,50000,Daily,2115,1466,1341,Ongoing,"7-day click or 1-day view",0,ABSOLUTE_OCPM,2026-07-24T11:29:11+0700,-,-,-,"Micro Targeting A+",0,,,,1.093214,0,,,
2026-07-01,2026-07-31,"Nobar Bola",Instagram,Feed,In-app,inactive,284,reach,1454.22535211,50000,Daily,413,285,284,Ongoing,"7-day click or 1-day view",0,ABSOLUTE_OCPM,2026-07-24T11:29:11+0700,-,-,-,"Micro Targeting A+",0,,,,1.003521,0,,,
2026-07-01,2026-07-31,"Nobar Bola",Instagram,"Instagram Reels",In-app,inactive,2351,reach,1537.64355593,50000,Daily,3615,2433,2351,Ongoing,"7-day click or 1-day view",0,ABSOLUTE_OCPM,2026-07-24T11:29:11+0700,-,-,-,"Micro Targeting A+",0.00042535,1,,,1.034879,0,1,,
2026-07-01,2026-07-31,"Nobar Bola",Instagram,"Instagram Stories",In-app,inactive,34,reach,1529.41176471,50000,Daily,52,36,34,Ongoing,"7-day click or 1-day view",0,ABSOLUTE_OCPM,2026-07-24T11:29:11+0700,-,-,-,"Micro Targeting A+",0,,,,1.058824,0,,,
2026-07-01,2026-07-31,"Dapet Kerjaan Di Luar Jobdesk",Facebook,"Facebook Reels",In-app,not_delivering,,,,"Using campaign budget",0,253,26,25,Ongoing,"1-day click",0,ABSOLUTE_OCPM,2026-06-27T07:38:25+0700,-,-,-,"Broad A+",0,17,,,1.04,0,17,,
2026-07-01,2026-07-31,"Dapet Kerjaan Di Luar Jobdesk",Facebook,"Facebook Stories",In-app,not_delivering,2,profile_visit_view,608,"Using campaign budget",0,1216,39,39,Ongoing,"1-day click",0,ABSOLUTE_OCPM,2026-06-27T07:38:25+0700,-,-,-,"Broad A+",0,18,3,7.692308,1,0,18,,
2026-07-01,2026-07-31,"Dapet Kerjaan Di Luar Jobdesk",Facebook,Feed,In-app,not_delivering,,,,"Using campaign budget",0,88,2,2,Ongoing,"1-day click",0,ABSOLUTE_OCPM,2026-06-27T07:38:25+0700,-,-,-,"Broad A+",0,,,,1,0,,,
2026-07-01,2026-07-31,"Dapet Kerjaan Di Luar Jobdesk",Instagram,Feed,In-app,not_delivering,2,profile_visit_view,554.5,"Using campaign budget",0,1109,8,8,Ongoing,"1-day click",0,ABSOLUTE_OCPM,2026-06-27T07:38:25+0700,-,-,-,"Broad A+",0,6,1,12.5,1,0,6,,
2026-07-01,2026-07-31,"Dapet Kerjaan Di Luar Jobdesk",Instagram,"Instagram Reels",In-app,not_delivering,,,,"Using campaign budget",0,145,15,15,Ongoing,"1-day click",0,ABSOLUTE_OCPM,2026-06-27T07:38:25+0700,-,-,-,"Broad A+",0,5,,,1,0,5,,
2026-07-01,2026-07-31,"Dapet Kerjaan Di Luar Jobdesk",Instagram,"Instagram Stories",In-app,not_delivering,,,,"Using campaign budget",0,59,6,6,Ongoing,"1-day click",0,ABSOLUTE_OCPM,2026-06-27T07:38:25+0700,-,-,-,"Broad A+",0,2,,,1,0,2,,
2026-07-01,2026-07-31,"Nobar Bola Pakai Bourbon",Facebook,"Facebook Reels",In-app,not_delivering,1,profile_visit_view,611,"Using campaign budget",0,611,51,39,Ongoing,"1-day click",0,ABSOLUTE_OCPM,2026-06-27T07:38:25+0700,-,-,-,"Broad A+",0,1,1,1.960784,1.307692,0,1,,
2026-07-01,2026-07-31,"Nobar Bola Pakai Bourbon",Facebook,"Facebook Stories",In-app,not_delivering,8,profile_visit_view,353.625,"Using campaign budget",0,2829,525,511,Ongoing,"1-day click",0,ABSOLUTE_OCPM,2026-06-27T07:38:25+0700,-,-,-,"Broad A+",0.00391389,14,12,2.285714,1.027397,0,16,,
2026-07-01,2026-07-31,"Nobar Bola Pakai Bourbon",Facebook,Feed,Desktop,not_delivering,,,,"Using campaign budget",0,19,1,1,Ongoing,"1-day click",0,ABSOLUTE_OCPM,2026-06-27T07:38:25+0700,-,-,-,"Broad A+",0,,,,1,0,,,
2026-07-01,2026-07-31,"Nobar Bola Pakai Bourbon",Facebook,Feed,In-app,not_delivering,7,profile_visit_view,869.14285714,"Using campaign budget",0,6084,986,923,Ongoing,"1-day click",0,ABSOLUTE_OCPM,2026-06-27T07:38:25+0700,-,-,-,"Broad A+",0.00325027,16,13,1.318458,1.068256,0,16,,
2026-07-01,2026-07-31,"Nobar Bola Pakai Bourbon",Instagram,Feed,In-app,not_delivering,38,profile_visit_view,447.23684211,"Using campaign budget",0,16995,1429,1218,Ongoing,"1-day click",0,ABSOLUTE_OCPM,2026-06-27T07:38:25+0700,-,-,-,"Broad A+",0.00328407,45,38,2.659202,1.173235,5,45,,
2026-07-01,2026-07-31,"Nobar Bola Pakai Bourbon",Instagram,"Explore home",In-app,not_delivering,2,profile_visit_view,137,"Using campaign budget",0,274,60,57,Ongoing,"1-day click",0,ABSOLUTE_OCPM,2026-06-27T07:38:25+0700,-,-,-,"Broad A+",0,1,1,1.666667,1.052632,0,1,,
2026-07-01,2026-07-31,"Nobar Bola Pakai Bourbon",Instagram,"Instagram Reels",In-app,not_delivering,1536,profile_visit_view,344.64322917,"Using campaign budget",0,529372,153028,127415,Ongoing,"1-day click",0,ABSOLUTE_OCPM,2026-06-27T07:38:25+0700,-,-,-,"Broad A+",0.00080053,1662,1560,1.019421,1.20102,1,1662,,
2026-07-01,2026-07-31,"Nobar Bola Pakai Bourbon",Instagram,"Instagram Stories",In-app,not_delivering,21,profile_visit_view,314,"Using campaign budget",0,6594,412,369,Ongoing,"1-day click",0,ABSOLUTE_OCPM,2026-06-27T07:38:25+0700,-,-,-,"Broad A+",0,12,12,2.912621,1.116531,2,12,,
2026-07-01,2026-07-31,"Aldi Taher",Facebook,"Facebook Reels",In-app,inactive,0,profile_visit_view,,"Using campaign budget",0,1205,98,74,Ongoing,"1-day click",0,ABSOLUTE_OCPM,2026-06-27T07:38:25+0700,-,-,-,"Broad A+",0,4,4,4.081633,1.324324,0,4,,
2026-07-01,2026-07-31,"Aldi Taher",Facebook,"Facebook Stories",In-app,inactive,13,profile_visit_view,399.46153846,"Using campaign budget",0,5193,1168,1152,Ongoing,"1-day click",0,ABSOLUTE_OCPM,2026-06-27T07:38:25+0700,-,-,-,"Broad A+",0,13,13,1.113014,1.013889,0,13,,
2026-07-01,2026-07-31,"Aldi Taher",Facebook,Feed,Desktop,inactive,,,,"Using campaign budget",0,293,3,3,Ongoing,"1-day click",0,ABSOLUTE_OCPM,2026-06-27T07:38:25+0700,-,-,-,"Broad A+",0,,,,1,0,,,
2026-07-01,2026-07-31,"Aldi Taher",Facebook,Feed,In-app,inactive,22,profile_visit_view,402.59090909,"Using campaign budget",0,8857,1340,1245,Ongoing,"1-day click",0,ABSOLUTE_OCPM,2026-06-27T07:38:25+0700,-,-,-,"Broad A+",0.00240964,35,32,2.38806,1.076305,0,35,,
2026-07-01,2026-07-31,"Aldi Taher",Instagram,Feed,In-app,inactive,35,profile_visit_view,564.85714286,"Using campaign budget",0,19770,2878,2520,Ongoing,"1-day click",0,ABSOLUTE_OCPM,2026-06-27T07:38:25+0700,-,-,-,"Broad A+",0.00793651,57,34,1.181376,1.142063,2,57,,
2026-07-01,2026-07-31,"Aldi Taher",Instagram,"Explore home",In-app,inactive,1,profile_visit_view,120,"Using campaign budget",0,120,52,52,Ongoing,"1-day click",0,ABSOLUTE_OCPM,2026-06-27T07:38:25+0700,-,-,-,"Broad A+",0,,,,1,0,,,
2026-07-01,2026-07-31,"Aldi Taher",Instagram,"Instagram Reels",In-app,inactive,5084,profile_visit_view,311.89968529,"Using campaign budget",0,1585698,344884,270837,Ongoing,"1-day click",0,ABSOLUTE_OCPM,2026-06-27T07:38:25+0700,-,-,-,"Broad A+",0.00087507,5371,5109,1.481368,1.273401,3,5371,,
2026-07-01,2026-07-31,"Aldi Taher",Instagram,"Instagram Stories",In-app,inactive,222,profile_visit_view,390.15765766,"Using campaign budget",0,86615,10493,8964,Ongoing,"1-day click",0,ABSOLUTE_OCPM,2026-06-27T07:38:25+0700,-,-,-,"Broad A+",0,217,217,2.068045,1.170571,3,217,,
2026-07-01,2026-07-31,"Aldi Taher",Facebook,"Facebook profile feed",In-app,inactive,1,reach,2000,50000,Daily,2,1,1,Ongoing,"7-day click or 1-day view",0,ABSOLUTE_OCPM,2026-07-24T11:29:11+0700,-,-,-,"Micro Targeting A+",0,,,,1,0,,,
2026-07-01,2026-07-31,"Aldi Taher",Facebook,"Facebook Reels",In-app,inactive,370685,reach,2529.03138784,50000,Daily,937474,673688,370685,Ongoing,"7-day click or 1-day view",0,ABSOLUTE_OCPM,2026-07-24T11:29:11+0700,-,-,-,"Micro Targeting A+",0.00088215,328,,,1.817414,0,328,,
2026-07-01,2026-07-31,"Aldi Taher",Facebook,"Ads on Facebook Reels",In-app,inactive,18092,reach,828.70882158,50000,Daily,14993,18092,18092,Ongoing,"7-day click or 1-day view",0,ABSOLUTE_OCPM,2026-07-24T11:29:11+0700,-,-,-,"Micro Targeting A+",0,,,,1,0,,,
2026-07-01,2026-07-31,"Aldi Taher",Facebook,"Facebook Stories",In-app,inactive,20556,reach,1523.64273205,50000,Daily,31320,24269,20556,Ongoing,"7-day click or 1-day view",0,ABSOLUTE_OCPM,2026-07-24T11:29:11+0700,-,-,-,"Micro Targeting A+",0,,,,1.180629,0,,,
2026-07-01,2026-07-31,"Aldi Taher",Facebook,Feed,Desktop,inactive,86,reach,1441.86046512,50000,Daily,124,93,86,Ongoing,"7-day click or 1-day view",0,ABSOLUTE_OCPM,2026-07-24T11:29:11+0700,-,-,-,"Micro Targeting A+",0,,,,1.081395,0,,,
2026-07-01,2026-07-31,"Aldi Taher",Facebook,Feed,In-app,inactive,21312,reach,1674.17417417,50000,Daily,35680,24628,21312,Ongoing,"7-day click or 1-day view",0,ABSOLUTE_OCPM,2026-07-24T11:29:11+0700,-,-,-,"Micro Targeting A+",0.00023461,35,,,1.155593,0,35,,
2026-07-01,2026-07-31,"Aldi Taher",Facebook,Feed,"Mobile web",inactive,171,reach,1590.64327485,50000,Daily,272,203,171,Ongoing,"7-day click or 1-day view",0,ABSOLUTE_OCPM,2026-07-24T11:29:11+0700,-,-,-,"Micro Targeting A+",0,,,,1.187135,0,,,
2026-07-01,2026-07-31,"Aldi Taher",Facebook,"In-stream reels",In-app,inactive,3154,reach,1868.73811034,50000,Daily,5894,4365,3154,Ongoing,"7-day click or 1-day view",0,ABSOLUTE_OCPM,2026-07-24T11:29:11+0700,-,-,-,"Micro Targeting A+",0,,,,1.383957,0,,,
2026-07-01,2026-07-31,"Aldi Taher",Facebook,Marketplace,Desktop,inactive,302,reach,2599.33774834,50000,Daily,785,585,302,Ongoing,"7-day click or 1-day view",0,ABSOLUTE_OCPM,2026-07-24T11:29:11+0700,-,-,-,"Micro Targeting A+",0,,,,1.937086,0,,,
2026-07-01,2026-07-31,"Aldi Taher",Facebook,Marketplace,In-app,inactive,39742,reach,2728.80076493,50000,Daily,108448,77001,39742,Ongoing,"7-day click or 1-day view",0,ABSOLUTE_OCPM,2026-07-24T11:29:11+0700,-,-,-,"Micro Targeting A+",0,13,13,0.016883,1.937522,0,13,,
2026-07-01,2026-07-31,"Aldi Taher",Facebook,"Search results",In-app,inactive,2,reach,1500,50000,Daily,3,2,2,Ongoing,"7-day click or 1-day view",0,ABSOLUTE_OCPM,2026-07-24T11:29:11+0700,-,-,-,"Micro Targeting A+",0,,,,1,0,,,
2026-07-01,2026-07-31,"Aldi Taher",Instagram,Feed,In-app,inactive,2567,reach,1585.50837554,50000,Daily,4070,2694,2567,Ongoing,"7-day click or 1-day view",0,ABSOLUTE_OCPM,2026-07-24T11:29:11+0700,-,-,-,"Micro Targeting A+",0.00038956,1,,,1.049474,0,1,,
2026-07-01,2026-07-31,"Aldi Taher",Instagram,"Explore home",In-app,inactive,1,reach,1000,50000,Daily,1,1,1,Ongoing,"7-day click or 1-day view",0,ABSOLUTE_OCPM,2026-07-24T11:29:11+0700,-,-,-,"Micro Targeting A+",0,,,,1,0,,,
2026-07-01,2026-07-31,"Aldi Taher",Instagram,"Instagram Reels",In-app,inactive,8069,reach,1839.26137068,50000,Daily,14841,10071,8069,Ongoing,"7-day click or 1-day view",0,ABSOLUTE_OCPM,2026-07-24T11:29:11+0700,-,-,-,"Micro Targeting A+",0.00024786,2,,,1.24811,0,2,,
2026-07-01,2026-07-31,"Aldi Taher",Instagram,"Instagram Stories",In-app,inactive,2115,reach,1668.55791962,50000,Daily,3529,2212,2115,Ongoing,"7-day click or 1-day view",0,ABSOLUTE_OCPM,2026-07-24T11:29:11+0700,-,-,-,"Micro Targeting A+",0,,,,1.045863,0,,,
2026-07-01,2026-07-31,"Aldi Taher",Threads,"Threads feed",In-app,inactive,21,reach,1095.23809524,50000,Daily,23,21,21,Ongoing,"7-day click or 1-day view",0,ABSOLUTE_OCPM,2026-07-24T11:29:11+0700,-,-,-,"Micro Targeting A+",0,,,,1,0,,,
2026-07-01,2026-07-31,"Aldi Taher",WhatsApp,Status,In-app,inactive,836,reach,958.13397129,50000,Daily,801,836,836,Ongoing,"7-day click or 1-day view",0,ABSOLUTE_OCPM,2026-07-24T11:29:11+0700,-,-,-,"Micro Targeting A+",0,,,,1,0,,,
2026-07-01,2026-07-31,"Aldi Taher",Facebook,"Facebook profile feed",In-app,inactive,1,reach,1000,30000,Daily,1,1,1,Ongoing,"7-day click or 1-day view",0,ABSOLUTE_OCPM,2026-06-19T11:30:22+0700,-,-,-,"Micro Targeting A+",0,,,,1,0,,,
2026-07-01,2026-07-31,"Aldi Taher",Facebook,"Facebook Reels",In-app,inactive,172328,reach,1664.94127478,30000,Daily,286916,202618,172328,Ongoing,"7-day click or 1-day view",0,ABSOLUTE_OCPM,2026-06-19T11:30:22+0700,-,-,-,"Micro Targeting A+",0.00051065,89,,,1.175769,0,89,,
2026-07-01,2026-07-31,"Aldi Taher",Facebook,"Ads on Facebook Reels",In-app,inactive,22099,reach,849.2691977,30000,Daily,18768,22671,22099,Ongoing,"7-day click or 1-day view",0,ABSOLUTE_OCPM,2026-06-19T11:30:22+0700,-,-,-,"Micro Targeting A+",0,,,,1.025884,0,,,
2026-07-01,2026-07-31,"Aldi Taher",Facebook,"Facebook Stories",In-app,inactive,5767,reach,1323.0449107,30000,Daily,7630,5900,5767,Ongoing,"7-day click or 1-day view",0,ABSOLUTE_OCPM,2026-06-19T11:30:22+0700,-,-,-,"Micro Targeting A+",0,,,,1.023062,0,,,
2026-07-01,2026-07-31,"Aldi Taher",Facebook,Feed,Desktop,inactive,37,reach,1513.51351351,30000,Daily,56,38,37,Ongoing,"7-day click or 1-day view",0,ABSOLUTE_OCPM,2026-06-19T11:30:22+0700,-,-,-,"Micro Targeting A+",0,,,,1.027027,0,,,
2026-07-01,2026-07-31,"Aldi Taher",Facebook,Feed,In-app,inactive,8430,reach,1459.43060498,30000,Daily,12303,8715,8430,Ongoing,"7-day click or 1-day view",0,ABSOLUTE_OCPM,2026-06-19T11:30:22+0700,-,-,-,"Micro Targeting A+",0,13,,,1.033808,0,13,,
2026-07-01,2026-07-31,"Aldi Taher",Facebook,Feed,"Mobile web",inactive,69,reach,1507.24637681,30000,Daily,104,69,69,Ongoing,"7-day click or 1-day view",0,ABSOLUTE_OCPM,2026-06-19T11:30:22+0700,-,-,-,"Micro Targeting A+",0,,,,1,0,,,
2026-07-01,2026-07-31,"Aldi Taher",Facebook,"In-stream reels",In-app,inactive,1823,reach,1432.25452551,30000,Daily,2611,1931,1823,Ongoing,"7-day click or 1-day view",0,ABSOLUTE_OCPM,2026-06-19T11:30:22+0700,-,-,-,"Micro Targeting A+",0,,,,1.059243,0,,,
2026-07-01,2026-07-31,"Aldi Taher",Facebook,Marketplace,Desktop,inactive,143,reach,1832.16783217,30000,Daily,262,183,143,Ongoing,"7-day click or 1-day view",0,ABSOLUTE_OCPM,2026-06-19T11:30:22+0700,-,-,-,"Micro Targeting A+",0,,,,1.27972,0,,,
2026-07-01,2026-07-31,"Aldi Taher",Facebook,Marketplace,In-app,inactive,29772,reach,1527.07241704,30000,Daily,45464,31986,29772,Ongoing,"7-day click or 1-day view",0,ABSOLUTE_OCPM,2026-06-19T11:30:22+0700,-,-,-,"Micro Targeting A+",0,8,8,0.025011,1.074365,0,8,,
2026-07-01,2026-07-31,"Aldi Taher",Instagram,Feed,In-app,inactive,349,reach,1538.68194842,30000,Daily,537,360,349,Ongoing,"7-day click or 1-day view",0,ABSOLUTE_OCPM,2026-06-19T11:30:22+0700,-,-,-,"Micro Targeting A+",0,,,,1.031519,0,,,
2026-07-01,2026-07-31,"Aldi Taher",Instagram,"Instagram Reels",In-app,inactive,6969,reach,1648.7300904,30000,Daily,11490,7870,6969,Ongoing,"7-day click or 1-day view",0,ABSOLUTE_OCPM,2026-06-19T11:30:22+0700,-,-,-,"Micro Targeting A+",0.00028699,2,,,1.129287,0,2,,
2026-07-01,2026-07-31,"Aldi Taher",Instagram,"Instagram Stories",In-app,inactive,584,reach,1640.4109589,30000,Daily,958,595,584,Ongoing,"7-day click or 1-day view",0,ABSOLUTE_OCPM,2026-06-19T11:30:22+0700,-,-,-,"Micro Targeting A+",0,,,,1.018836,0,,,
2026-07-01,2026-07-31,"Aldi Taher",Threads,"Threads feed",In-app,inactive,25,reach,1040,30000,Daily,26,25,25,Ongoing,"7-day click or 1-day view",0,ABSOLUTE_OCPM,2026-06-19T11:30:22+0700,-,-,-,"Micro Targeting A+",0,,,,1,0,,,
2026-07-01,2026-07-31,"Aldi Taher",WhatsApp,Status,In-app,inactive,29991,reach,664.8661265,30000,Daily,19940,30214,29991,Ongoing,"7-day click or 1-day view",0,ABSOLUTE_OCPM,2026-06-19T11:30:22+0700,-,-,-,"Micro Targeting A+",0,,,,1.007436,0,,,
2026-07-01,2026-07-31,"Aldi Taher",Facebook,"Facebook Reels",In-app,inactive,8,actions:post_interaction_gross,25.625,30000,Daily,205,17,15,Ongoing,"7-day click or 1-day view",60,ABSOLUTE_OCPM,2026-06-25T10:29:26+0700,-,-,-,"Micro Targeting A+",0.46666667,8,,,1.133333,0,8,,
2026-07-01,2026-07-31,"Aldi Taher",Facebook,"Facebook Stories",In-app,inactive,21,actions:post_interaction_gross,63.23809524,30000,Daily,1328,47,35,Ongoing,"7-day click or 1-day view",60,ABSOLUTE_OCPM,2026-06-25T10:29:26+0700,-,-,-,"Micro Targeting A+",0.6,21,,,1.342857,0,21,,
2026-07-01,2026-07-31,"Aldi Taher",Facebook,Feed,In-app,inactive,5,actions:post_interaction_gross,110.4,30000,Daily,552,27,24,Ongoing,"7-day click or 1-day view",60,ABSOLUTE_OCPM,2026-06-25T10:29:26+0700,-,-,-,"Micro Targeting A+",0.16666667,5,,,1.125,0,5,,
2026-07-01,2026-07-31,"Aldi Taher",Instagram,Feed,Desktop,inactive,,,,30000,Daily,12,1,1,Ongoing,"7-day click or 1-day view",60,ABSOLUTE_OCPM,2026-06-25T10:29:26+0700,-,-,-,"Micro Targeting A+",0,,,,1,0,,,
2026-07-01,2026-07-31,"Aldi Taher",Instagram,Feed,In-app,inactive,43,actions:post_interaction_gross,77.69767442,30000,Daily,3341,225,207,Ongoing,"7-day click or 1-day view",60,ABSOLUTE_OCPM,2026-06-25T10:29:26+0700,-,-,-,"Micro Targeting A+",0.19323671,43,,,1.086957,0,43,,
2026-07-01,2026-07-31,"Aldi Taher",Instagram,Feed,"Mobile web",inactive,1,actions:post_interaction_gross,50,30000,Daily,50,1,1,Ongoing,"7-day click or 1-day view",60,ABSOLUTE_OCPM,2026-06-25T10:29:26+0700,-,-,-,"Micro Targeting A+",1,1,,,1,0,1,,
2026-07-01,2026-07-31,"Aldi Taher",Instagram,"Explore home",In-app,inactive,,,,30000,Daily,0,1,1,Ongoing,"7-day click or 1-day view",60,ABSOLUTE_OCPM,2026-06-25T10:29:26+0700,-,-,-,"Micro Targeting A+",0,,,,1,0,,,
2026-07-01,2026-07-31,"Aldi Taher",Instagram,"Instagram Reels",In-app,inactive,20,actions:post_interaction_gross,65.15,30000,Daily,1303,73,64,Ongoing,"7-day click or 1-day view",60,ABSOLUTE_OCPM,2026-06-25T10:29:26+0700,-,-,-,"Micro Targeting A+",0.3125,20,,,1.140625,0,20,,
2026-07-01,2026-07-31,"Dengar Notif WhatsApp",Instagram,Feed,Desktop,not_delivering,31,reach,1451.61290323,50000,Daily,45,32,31,Ongoing,"7-day click or 1-day view",0,ABSOLUTE_OCPM,2026-07-24T11:29:11+0700,-,-,-,"Micro Targeting A+",0,7,,,1.032258,0,7,,
2026-07-01,2026-07-31,"Dengar Notif WhatsApp",Instagram,Feed,In-app,not_delivering,5489,reach,1599.92712698,50000,Daily,8782,6035,5489,Ongoing,"7-day click or 1-day view",0,ABSOLUTE_OCPM,2026-07-24T11:29:11+0700,-,-,-,"Micro Targeting A+",0.00018218,656,,,1.099472,0,656,,
2026-07-01,2026-07-31,"Dengar Notif WhatsApp",Instagram,Feed,"Mobile web",not_delivering,21,reach,1476.19047619,50000,Daily,31,22,21,Ongoing,"7-day click or 1-day view",0,ABSOLUTE_OCPM,2026-07-24T11:29:11+0700,-,-,-,"Micro Targeting A+",0,3,,,1.047619,0,3,,
2026-07-01,2026-07-31,"Dengar Notif WhatsApp",Instagram,"Explore home",In-app,not_delivering,348,reach,1278.73563218,50000,Daily,445,370,348,Ongoing,"7-day click or 1-day view",0,ABSOLUTE_OCPM,2026-07-24T11:29:11+0700,-,-,-,"Micro Targeting A+",0,67,,,1.063218,0,67,,
2026-07-01,2026-07-31,"Dengar Notif WhatsApp",Instagram,"Instagram Reels",Desktop,not_delivering,1,reach,1000,50000,Daily,1,1,1,Ongoing,"7-day click or 1-day view",0,ABSOLUTE_OCPM,2026-07-24T11:29:11+0700,-,-,-,"Micro Targeting A+",0,,,,1,0,,,
2026-07-01,2026-07-31,"Dengar Notif WhatsApp",Instagram,"Instagram Reels",In-app,not_delivering,23593,reach,1616.45403298,50000,Daily,38137,25622,23593,Ongoing,"7-day click or 1-day view",0,ABSOLUTE_OCPM,2026-07-24T11:29:11+0700,-,-,-,"Micro Targeting A+",0.0002967,1075,,,1.086,0,1075,,
2026-07-01,2026-07-31,"Dengar Notif WhatsApp",Instagram,"Instagram search results",In-app,not_delivering,1,reach,0,50000,Daily,0,1,1,Ongoing,"7-day click or 1-day view",0,ABSOLUTE_OCPM,2026-07-24T11:29:11+0700,-,-,-,"Micro Targeting A+",0,,,,1,0,,,
2026-07-01,2026-07-31,"Dengar Notif WhatsApp",Instagram,"Instagram Stories",Desktop,not_delivering,11,reach,1545.45454545,50000,Daily,17,11,11,Ongoing,"7-day click or 1-day view",0,ABSOLUTE_OCPM,2026-07-24T11:29:11+0700,-,-,-,"Micro Targeting A+",0,,,,1,0,,,
2026-07-01,2026-07-31,"Dengar Notif WhatsApp",Instagram,"Instagram Stories",In-app,not_delivering,2006,reach,1637.0887338,50000,Daily,3284,2227,2006,Ongoing,"7-day click or 1-day view",0,ABSOLUTE_OCPM,2026-07-24T11:29:11+0700,-,-,-,"Micro Targeting A+",0,33,,,1.110169,0,33,,
2026-07-01,2026-07-31,"Dengar Notif WhatsApp",Instagram,"Instagram Stories","Mobile web",not_delivering,10,reach,1200,50000,Daily,12,10,10,Ongoing,"7-day click or 1-day view",0,ABSOLUTE_OCPM,2026-07-24T11:29:11+0700,-,-,-,"Micro Targeting A+",0,,,,1,0,,,
2026-07-01,2026-07-31,"Mau Healing",Instagram,Feed,Desktop,not_delivering,378,reach,1568.78306878,50000,Daily,593,419,378,Ongoing,"7-day click or 1-day view",0,ABSOLUTE_OCPM,2026-07-24T11:29:11+0700,-,-,-,"Micro Targeting A+",0,30,,,1.108466,0,30,,
2026-07-01,2026-07-31,"Mau Healing",Instagram,Feed,In-app,not_delivering,36636,reach,1799.78709466,50000,Daily,65937,45245,36636,Ongoing,"7-day click or 1-day view",0,ABSOLUTE_OCPM,2026-07-24T11:29:11+0700,-,-,-,"Micro Targeting A+",0.00019107,3720,,,1.234987,0,3720,,
2026-07-01,2026-07-31,"Mau Healing",Instagram,Feed,"Mobile web",not_delivering,298,reach,1557.04697987,50000,Daily,464,327,298,Ongoing,"7-day click or 1-day view",0,ABSOLUTE_OCPM,2026-07-24T11:29:11+0700,-,-,-,"Micro Targeting A+",0,27,,,1.097315,0,27,,
2026-07-01,2026-07-31,"Mau Healing",Instagram,"Explore home",In-app,not_delivering,2806,reach,1351.74625802,50000,Daily,3793,2998,2806,Ongoing,"7-day click or 1-day view",0,ABSOLUTE_OCPM,2026-07-24T11:29:11+0700,-,-,-,"Micro Targeting A+",0,437,,,1.068425,0,437,,
2026-07-01,2026-07-31,"Mau Healing",Instagram,"Instagram Reels",Desktop,not_delivering,1,reach,2000,50000,Daily,2,1,1,Ongoing,"7-day click or 1-day view",0,ABSOLUTE_OCPM,2026-07-24T11:29:11+0700,-,-,-,"Micro Targeting A+",0,,,,1,0,,,
2026-07-01,2026-07-31,"Mau Healing",Instagram,"Instagram Reels",In-app,not_delivering,128421,reach,1927.11472423,50000,Daily,247482,167928,128421,Ongoing,"7-day click or 1-day view",0,ABSOLUTE_OCPM,2026-07-24T11:29:11+0700,-,-,-,"Micro Targeting A+",0.00031926,5451,,,1.307637,0,5451,,
2026-07-01,2026-07-31,"Mau Healing",Instagram,"Instagram search results",In-app,not_delivering,2,reach,1000,50000,Daily,2,2,2,Ongoing,"7-day click or 1-day view",0,ABSOLUTE_OCPM,2026-07-24T11:29:11+0700,-,-,-,"Micro Targeting A+",0,,,,1,0,,,
2026-07-01,2026-07-31,"Mau Healing",Instagram,"Instagram Stories",Desktop,not_delivering,92,reach,1282.60869565,50000,Daily,118,95,92,Ongoing,"7-day click or 1-day view",0,ABSOLUTE_OCPM,2026-07-24T11:29:11+0700,-,-,-,"Micro Targeting A+",0,6,,,1.032609,0,6,,
2026-07-01,2026-07-31,"Mau Healing",Instagram,"Instagram Stories",In-app,not_delivering,30398,reach,1767.87946575,50000,Daily,53740,36620,30398,Ongoing,"7-day click or 1-day view",0,ABSOLUTE_OCPM,2026-07-24T11:29:11+0700,-,-,-,"Micro Targeting A+",0,500,,,1.204685,0,500,,
2026-07-01,2026-07-31,"Mau Healing",Instagram,"Instagram Stories","Mobile web",not_delivering,47,reach,957.44680851,50000,Daily,45,47,47,Ongoing,"7-day click or 1-day view",0,ABSOLUTE_OCPM,2026-07-24T11:29:11+0700,-,-,-,"Micro Targeting A+",0,1,,,1,0,1,,
2026-07-01,2026-07-31,"Pulang Tenggo",Instagram,Feed,Desktop,not_delivering,38,reach,1473.68421053,50000,Daily,56,38,38,Ongoing,"7-day click or 1-day view",0,ABSOLUTE_OCPM,2026-07-24T11:29:11+0700,-,-,-,"Micro Targeting A+",0,2,,,1,0,2,,
2026-07-01,2026-07-31,"Pulang Tenggo",Instagram,Feed,In-app,not_delivering,4269,reach,1567.58022956,50000,Daily,6692,4614,4269,Ongoing,"7-day click or 1-day view",0,ABSOLUTE_OCPM,2026-07-24T11:29:11+0700,-,-,-,"Micro Targeting A+",0,352,,,1.080815,0,352,,
2026-07-01,2026-07-31,"Pulang Tenggo",Instagram,Feed,"Mobile web",not_delivering,29,reach,1310.34482759,50000,Daily,38,29,29,Ongoing,"7-day click or 1-day view",0,ABSOLUTE_OCPM,2026-07-24T11:29:11+0700,-,-,-,"Micro Targeting A+",0,3,,,1,0,3,,
2026-07-01,2026-07-31,"Pulang Tenggo",Instagram,"Explore home",In-app,not_delivering,243,reach,1218.10699588,50000,Daily,296,247,243,Ongoing,"7-day click or 1-day view",0,ABSOLUTE_OCPM,2026-07-24T11:29:11+0700,-,-,-,"Micro Targeting A+",0,31,,,1.016461,0,31,,
2026-07-01,2026-07-31,"Pulang Tenggo",Instagram,"Instagram Reels",In-app,not_delivering,12147,reach,1555.11648967,50000,Daily,18890,12767,12147,Ongoing,"7-day click or 1-day view",0,ABSOLUTE_OCPM,2026-07-24T11:29:11+0700,-,-,-,"Micro Targeting A+",0.00016465,281,,,1.051041,0,281,,
2026-07-01,2026-07-31,"Pulang Tenggo",Instagram,"Instagram search results",In-app,not_delivering,2,reach,500,50000,Daily,1,2,2,Ongoing,"7-day click or 1-day view",0,ABSOLUTE_OCPM,2026-07-24T11:29:11+0700,-,-,-,"Micro Targeting A+",0,,,,1,0,,,
2026-07-01,2026-07-31,"Pulang Tenggo",Instagram,"Instagram Stories",Desktop,not_delivering,4,reach,1000,50000,Daily,4,4,4,Ongoing,"7-day click or 1-day view",0,ABSOLUTE_OCPM,2026-07-24T11:29:11+0700,-,-,-,"Micro Targeting A+",0,,,,1,0,,,
2026-07-01,2026-07-31,"Pulang Tenggo",Instagram,"Instagram Stories",In-app,not_delivering,2558,reach,1523.45582486,50000,Daily,3897,2668,2558,Ongoing,"7-day click or 1-day view",0,ABSOLUTE_OCPM,2026-07-24T11:29:11+0700,-,-,-,"Micro Targeting A+",0,33,,,1.043002,0,33,,
2026-07-01,2026-07-31,"Pulang Tenggo",Instagram,"Instagram Stories","Mobile web",not_delivering,7,reach,1000,50000,Daily,7,7,7,Ongoing,"7-day click or 1-day view",0,ABSOLUTE_OCPM,2026-07-24T11:29:11+0700,-,-,-,"Micro Targeting A+",0,1,,,1,0,1,,
2026-07-01,2026-07-31,"Dengar Notif WhatsApp",Instagram,Feed,In-app,not_delivering,5,profile_visit_view,331.6,50000,Daily,1658,76,69,Ongoing,"1-day click",0,ABSOLUTE_OCPM,2026-07-24T11:35:26+0700,-,-,-,"Micro Targeting A+",0,33,4,5.263158,1.101449,0,33,,
2026-07-01,2026-07-31,"Dengar Notif WhatsApp",Instagram,"Instagram Reels",In-app,not_delivering,15,profile_visit_view,390,50000,Daily,5850,439,415,Ongoing,"1-day click",0,ABSOLUTE_OCPM,2026-07-24T11:35:26+0700,-,-,-,"Micro Targeting A+",0.00481928,134,16,3.644647,1.057831,0,134,,
2026-07-01,2026-07-31,"Dengar Notif WhatsApp",Instagram,"Instagram Stories",In-app,not_delivering,5,profile_visit_view,354,50000,Daily,1770,97,92,Ongoing,"1-day click",0,ABSOLUTE_OCPM,2026-07-24T11:35:26+0700,-,-,-,"Micro Targeting A+",0,20,5,5.154639,1.054348,0,20,,
2026-07-01,2026-07-31,"Mau Healing",Instagram,Feed,In-app,not_delivering,4,profile_visit_view,374,50000,Daily,1496,58,54,Ongoing,"1-day click",0,ABSOLUTE_OCPM,2026-07-24T11:35:26+0700,-,-,-,"Micro Targeting A+",0,25,2,3.448276,1.074074,0,25,,
2026-07-01,2026-07-31,"Mau Healing",Instagram,"Instagram Reels",In-app,not_delivering,5,profile_visit_view,1347.2,50000,Daily,6736,390,357,Ongoing,"1-day click",0,ABSOLUTE_OCPM,2026-07-24T11:35:26+0700,-,-,-,"Micro Targeting A+",0,92,5,1.282051,1.092437,2,92,,
2026-07-01,2026-07-31,"Mau Healing",Instagram,"Instagram Stories",In-app,not_delivering,2,profile_visit_view,438,50000,Daily,876,60,54,Ongoing,"1-day click",0,ABSOLUTE_OCPM,2026-07-24T11:35:26+0700,-,-,-,"Micro Targeting A+",0,14,2,3.333333,1.111111,1,14,,
2026-07-01,2026-07-31,"Pulang Tenggo",Instagram,Feed,In-app,not_delivering,9,profile_visit_view,617.33333333,50000,Daily,5556,244,218,Ongoing,"1-day click",0,ABSOLUTE_OCPM,2026-07-24T11:35:26+0700,-,-,-,"Micro Targeting A+",0,79,5,2.04918,1.119266,1,79,,
2026-07-01,2026-07-31,"Pulang Tenggo",Instagram,"Explore home",In-app,not_delivering,,,,50000,Daily,3,2,2,Ongoing,"1-day click",0,ABSOLUTE_OCPM,2026-07-24T11:35:26+0700,-,-,-,"Micro Targeting A+",0,,,,1,0,,,
2026-07-01,2026-07-31,"Pulang Tenggo",Instagram,"Instagram Reels",In-app,not_delivering,506,profile_visit_view,333.37549407,50000,Daily,168688,9309,8610,Ongoing,"1-day click",0,ABSOLUTE_OCPM,2026-07-24T11:35:26+0700,-,-,-,"Micro Targeting A+",0.00336818,4505,515,5.532281,1.081185,6,4505,,
2026-07-01,2026-07-31,"Pulang Tenggo",Instagram,"Instagram Stories",In-app,not_delivering,22,profile_visit_view,539.22727273,50000,Daily,11863,310,292,Ongoing,"1-day click",0,ABSOLUTE_OCPM,2026-07-24T11:35:26+0700,-,-,-,"Micro Targeting A+",0,78,22,7.096774,1.061644,1,78,,
2026-07-01,2026-07-31,"Setiap Rasa",Instagram,Feed,In-app,not_delivering,189,profile_visit_view,460.3968254,50000,Daily,87015,4648,3751,Ongoing,"1-day click",0,ABSOLUTE_OCPM,2026-07-24T11:35:26+0700,-,-,-,"Micro Targeting A+",0.02319381,300,183,3.937177,1.239136,50,300,,
2026-07-01,2026-07-31,"Setiap Rasa",Instagram,"Explore home",In-app,not_delivering,7,profile_visit_view,66.28571429,50000,Daily,464,208,202,Ongoing,"1-day click",0,ABSOLUTE_OCPM,2026-07-24T11:35:26+0700,-,-,-,"Micro Targeting A+",0.0049505,8,7,3.365385,1.029703,0,8,,
2026-07-01,2026-07-31,"Setiap Rasa",Instagram,"Instagram Reels",In-app,not_delivering,141,profile_visit_view,300.31914894,50000,Daily,42345,3706,3167,Ongoing,"1-day click",0,ABSOLUTE_OCPM,2026-07-24T11:35:26+0700,-,-,-,"Micro Targeting A+",0.01073571,192,145,3.912574,1.170193,19,192,,
2026-07-01,2026-07-31,"Setiap Rasa",Instagram,"Instagram Stories",In-app,not_delivering,115,profile_visit_view,370.73043478,50000,Daily,42634,1784,1528,Ongoing,"1-day click",0,ABSOLUTE_OCPM,2026-07-24T11:35:26+0700,-,-,-,"Micro Targeting A+",0,115,115,6.446188,1.167539,53,115,,
2026-07-01,2026-07-31,"Ngumpung Bareng Temen",Instagram,Feed,In-app,not_delivering,2,profile_visit_view,614.5,50000,Daily,1229,24,22,Ongoing,"1-day click",0,ABSOLUTE_OCPM,2026-07-24T11:35:26+0700,-,-,-,"Micro Targeting A+",0,4,2,8.333333,1.090909,0,4,,
2026-07-01,2026-07-31,"Ngumpung Bareng Temen",Instagram,"Explore home",In-app,not_delivering,,,,50000,Daily,1,1,1,Ongoing,"1-day click",0,ABSOLUTE_OCPM,2026-07-24T11:35:26+0700,-,-,-,"Micro Targeting A+",0,,,,1,0,,,
2026-07-01,2026-07-31,"Ngumpung Bareng Temen",Instagram,"Instagram Reels",In-app,not_delivering,13,profile_visit_view,242,50000,Daily,3146,248,237,Ongoing,"1-day click",0,ABSOLUTE_OCPM,2026-07-24T11:35:26+0700,-,-,-,"Micro Targeting A+",0,14,14,5.645161,1.046414,0,14,,
2026-07-01,2026-07-31,"Ngumpung Bareng Temen",Instagram,"Instagram Stories",In-app,not_delivering,,,,50000,Daily,161,7,7,Ongoing,"1-day click",0,ABSOLUTE_OCPM,2026-07-24T11:35:26+0700,-,-,-,"Micro Targeting A+",0,,,,1,0,,,
