"Reporting starts","Reporting ends","Ad name",Age,Gender,"Ad delivery",Results,"Result indicator","Cost per results","Ad set budget","Ad set budget type","Amount spent (IDR)",Impressions,Reach,Ends,"Attribution setting",Bid,"Bid type","Last significant edit","Quality ranking","Engagement rate ranking","Conversion rate ranking","Ad set name",Reaction/Reach,"Post engagements","Link clicks","CTR (link click-through rate)",Frequency,"Instagram follows","Page engagement","Results (initial)","Results (initial) indicator"
2026-07-01,2026-07-31,"Momen Proper",18-24,female,not_delivering,2119,reach,1449.74044361,30000,Daily,3072,2162,2119,Ongoing,"7-day click or 1-day view",0,ABSOLUTE_OCPM,2026-06-19T11:30:22+0700,-,-,-,"Micro Targeting A+",0,,,,1.020293,0,,,
2026-07-01,2026-07-31,"Momen Proper",18-24,male,not_delivering,5212,reach,1506.71527245,30000,Daily,7853,5474,5212,Ongoing,"7-day click or 1-day view",0,ABSOLUTE_OCPM,2026-06-19T11:30:22+0700,-,-,-,"Micro Targeting A+",0,,,,1.050269,0,,,
2026-07-01,2026-07-31,"Momen Proper",18-24,unknown,not_delivering,50,reach,1500,30000,Daily,75,50,50,Ongoing,"7-day click or 1-day view",0,ABSOLUTE_OCPM,2026-06-19T11:30:22+0700,-,-,-,"Micro Targeting A+",0,,,,1,0,,,
2026-07-01,2026-07-31,"Momen Proper",25-34,female,not_delivering,5000,reach,1416.4,30000,Daily,7082,5000,5000,Ongoing,"7-day click or 1-day view",0,ABSOLUTE_OCPM,2026-06-19T11:30:22+0700,-,-,-,"Micro Targeting A+",0,,,,1,0,,,
2026-07-01,2026-07-31,"Momen Proper",25-34,male,not_delivering,18142,reach,1491.07044427,30000,Daily,27051,18958,18142,Ongoing,"7-day click or 1-day view",0,ABSOLUTE_OCPM,2026-06-19T11:30:22+0700,-,-,-,"Micro Targeting A+",0.00011024,5,,,1.044979,0,5,,
2026-07-01,2026-07-31,"Momen Proper",25-34,unknown,not_delivering,131,reach,1480.91603053,30000,Daily,194,136,131,Ongoing,"7-day click or 1-day view",0,ABSOLUTE_OCPM,2026-06-19T11:30:22+0700,-,-,-,"Micro Targeting A+",0,,,,1.038168,0,,,
2026-07-01,2026-07-31,"Momen Proper",35-44,female,not_delivering,3890,reach,1407.71208226,30000,Daily,5476,3890,3890,Ongoing,"7-day click or 1-day view",0,ABSOLUTE_OCPM,2026-06-19T11:30:22+0700,-,-,-,"Micro Targeting A+",0,,,,1,0,,,
2026-07-01,2026-07-31,"Momen Proper",35-44,male,not_delivering,14342,reach,1474.55027193,30000,Daily,21148,14840,14342,Ongoing,"7-day click or 1-day view",0,ABSOLUTE_OCPM,2026-06-19T11:30:22+0700,-,-,-,"Micro Targeting A+",0.00020918,5,,,1.034723,0,5,,
2026-07-01,2026-07-31,"Momen Proper",35-44,unknown,not_delivering,66,reach,1393.93939394,30000,Daily,92,70,66,Ongoing,"7-day click or 1-day view",0,ABSOLUTE_OCPM,2026-06-19T11:30:22+0700,-,-,-,"Micro Targeting A+",0,,,,1.060606,0,,,
2026-07-01,2026-07-31,"Momen Proper",45-54,female,not_delivering,5211,reach,1446.55536365,30000,Daily,7538,5293,5211,Ongoing,"7-day click or 1-day view",0,ABSOLUTE_OCPM,2026-06-19T11:30:22+0700,-,-,-,"Micro Targeting A+",0.00076761,6,,,1.015736,0,6,,
2026-07-01,2026-07-31,"Momen Proper",45-54,male,not_delivering,14556,reach,1481.93184941,30000,Daily,21571,15287,14556,Ongoing,"7-day click or 1-day view",0,ABSOLUTE_OCPM,2026-06-19T11:30:22+0700,-,-,-,"Micro Targeting A+",6.87E-5,2,,,1.05022,0,2,,
2026-07-01,2026-07-31,"Momen Proper",45-54,unknown,not_delivering,57,reach,1508.77192982,30000,Daily,86,59,57,Ongoing,"7-day click or 1-day view",0,ABSOLUTE_OCPM,2026-06-19T11:30:22+0700,-,-,-,"Micro Targeting A+",0,,,,1.035088,0,,,
2026-07-01,2026-07-31,"Momen Proper",55-64,female,not_delivering,2572,reach,1477.44945568,30000,Daily,3800,2676,2572,Ongoing,"7-day click or 1-day view",0,ABSOLUTE_OCPM,2026-06-19T11:30:22+0700,-,-,-,"Micro Targeting A+",0.00155521,4,,,1.040435,0,4,,
2026-07-01,2026-07-31,"Momen Proper",55-64,male,not_delivering,6602,reach,1443.35049985,30000,Daily,9529,6870,6602,Ongoing,"7-day click or 1-day view",0,ABSOLUTE_OCPM,2026-06-19T11:30:22+0700,-,-,-,"Micro Targeting A+",0.00030294,3,,,1.040594,0,3,,
2026-07-01,2026-07-31,"Momen Proper",55-64,unknown,not_delivering,23,reach,1347.82608696,30000,Daily,31,23,23,Ongoing,"7-day click or 1-day view",0,ABSOLUTE_OCPM,2026-06-19T11:30:22+0700,-,-,-,"Micro Targeting A+",0,,,,1,0,,,
2026-07-01,2026-07-31,"Momen Proper",65+,female,not_delivering,1646,reach,1443.49939247,30000,Daily,2376,1666,1646,Ongoing,"7-day click or 1-day view",0,ABSOLUTE_OCPM,2026-06-19T11:30:22+0700,-,-,-,"Micro Targeting A+",0.00060753,1,,,1.012151,0,1,,
2026-07-01,2026-07-31,"Momen Proper",65+,male,not_delivering,4211,reach,1500.11873664,30000,Daily,6317,4439,4211,Ongoing,"7-day click or 1-day view",0,ABSOLUTE_OCPM,2026-06-19T11:30:22+0700,-,-,-,"Micro Targeting A+",0.00023747,1,,,1.054144,0,1,,
2026-07-01,2026-07-31,"Momen Proper",65+,unknown,not_delivering,20,reach,1650,30000,Daily,33,21,20,Ongoing,"7-day click or 1-day view",0,ABSOLUTE_OCPM,2026-06-19T11:30:22+0700,-,-,-,"Micro Targeting A+",0,,,,1.05,0,,,
2026-07-01,2026-07-31,"Momen Proper",18-24,female,not_delivering,1,actions:post_interaction_gross,34,30000,Daily,34,1,1,Ongoing,"7-day click or 1-day view",60,ABSOLUTE_OCPM,2026-06-25T10:29:26+0700,-,-,-,"Micro Targeting A+",1,1,,,1,0,1,,
2026-07-01,2026-07-31,"Momen Proper",25-34,female,not_delivering,1,actions:post_interaction_gross,63,30000,Daily,63,3,3,Ongoing,"7-day click or 1-day view",60,ABSOLUTE_OCPM,2026-06-25T10:29:26+0700,-,-,-,"Micro Targeting A+",0.33333333,1,,,1,0,1,,
2026-07-01,2026-07-31,"Momen Proper",35-44,female,not_delivering,1,actions:post_interaction_gross,66,30000,Daily,66,1,1,Ongoing,"7-day click or 1-day view",60,ABSOLUTE_OCPM,2026-06-25T10:29:26+0700,-,-,-,"Micro Targeting A+",1,1,,,1,0,1,,
2026-07-01,2026-07-31,"Momen Proper",45-54,male,not_delivering,1,actions:post_interaction_gross,60,30000,Daily,60,1,1,Ongoing,"7-day click or 1-day view",60,ABSOLUTE_OCPM,2026-06-25T10:29:26+0700,-,-,-,"Micro Targeting A+",1,1,,,1,0,1,,
2026-07-01,2026-07-31,"Tim Kopi atau Teh",18-24,female,not_delivering,,,,30000,Daily,39,2,2,Ongoing,"7-day click or 1-day view",60,ABSOLUTE_OCPM,2026-06-25T10:29:26+0700,-,-,-,"Micro Targeting A+",0,,,,1,0,,,
2026-07-01,2026-07-31,"Tim Kopi atau Teh",18-24,male,not_delivering,1,actions:post_interaction_gross,35,30000,Daily,35,1,1,Ongoing,"7-day click or 1-day view",60,ABSOLUTE_OCPM,2026-06-25T10:29:26+0700,-,-,-,"Micro Targeting A+",1,1,,,1,0,1,,
2026-07-01,2026-07-31,"Tim Kopi atau Teh",25-34,female,not_delivering,2,actions:post_interaction_gross,81.5,30000,Daily,163,4,4,Ongoing,"7-day click or 1-day view",60,ABSOLUTE_OCPM,2026-06-25T10:29:26+0700,-,-,-,"Micro Targeting A+",0.5,2,,,1,0,2,,
2026-07-01,2026-07-31,"Tim Kopi atau Teh",25-34,male,not_delivering,2,actions:post_interaction_gross,96,30000,Daily,192,5,4,Ongoing,"7-day click or 1-day view",60,ABSOLUTE_OCPM,2026-06-25T10:29:26+0700,-,-,-,"Micro Targeting A+",0.5,2,,,1.25,0,2,,
2026-07-01,2026-07-31,"Tim Kopi atau Teh",35-44,male,not_delivering,1,actions:post_interaction_gross,88,30000,Daily,88,2,2,Ongoing,"7-day click or 1-day view",60,ABSOLUTE_OCPM,2026-06-25T10:29:26+0700,-,-,-,"Micro Targeting A+",0.5,1,,,1,0,1,,
2026-07-01,2026-07-31,"Tim Kopi atau Teh",45-54,female,not_delivering,2,actions:post_interaction_gross,16.5,30000,Daily,33,1,1,Ongoing,"7-day click or 1-day view",60,ABSOLUTE_OCPM,2026-06-25T10:29:26+0700,-,-,-,"Micro Targeting A+",1,2,,,1,0,2,,
2026-07-01,2026-07-31,"Tim Kopi atau Teh",65+,female,not_delivering,,,,30000,Daily,32,1,1,Ongoing,"7-day click or 1-day view",60,ABSOLUTE_OCPM,2026-06-25T10:29:26+0700,-,-,-,"Micro Targeting A+",0,,,,1,0,,,
2026-07-01,2026-07-31,"Dapet Kerjaan di Luar Jobdesk",18-24,female,inactive,4,actions:post_interaction_gross,677.5,30000,Daily,2710,538,524,Ongoing,"7-day click or 1-day view",60,ABSOLUTE_OCPM,2026-06-25T10:29:26+0700,-,-,-,"Micro Targeting A+",0.00763359,177,,,1.026718,0,177,,
2026-07-01,2026-07-31,"Dapet Kerjaan di Luar Jobdesk",18-24,male,inactive,11,actions:post_interaction_gross,636.45454545,30000,Daily,7001,1584,1558,Ongoing,"7-day click or 1-day view",60,ABSOLUTE_OCPM,2026-06-25T10:29:26+0700,-,-,-,"Micro Targeting A+",0.00706033,531,,,1.016688,0,531,,
2026-07-01,2026-07-31,"Dapet Kerjaan di Luar Jobdesk",18-24,unknown,inactive,,,,30000,Daily,72,12,12,Ongoing,"7-day click or 1-day view",60,ABSOLUTE_OCPM,2026-06-25T10:29:26+0700,-,-,-,"Micro Targeting A+",0,6,,,1,0,6,,
2026-07-01,2026-07-31,"Dapet Kerjaan di Luar Jobdesk",25-34,female,inactive,11,actions:post_interaction_gross,1240.81818182,30000,Daily,13649,2233,2177,Ongoing,"7-day click or 1-day view",60,ABSOLUTE_OCPM,2026-06-25T10:29:26+0700,-,-,-,"Micro Targeting A+",0.00505282,1002,,,1.025723,0,1002,,
2026-07-01,2026-07-31,"Dapet Kerjaan di Luar Jobdesk",25-34,male,inactive,44,actions:post_interaction_gross,1164,30000,Daily,51216,10663,10331,Ongoing,"7-day click or 1-day view",60,ABSOLUTE_OCPM,2026-06-25T10:29:26+0700,-,-,-,"Micro Targeting A+",0.00416223,4423,,,1.032136,0,4423,,
2026-07-01,2026-07-31,"Dapet Kerjaan di Luar Jobdesk",25-34,unknown,inactive,1,actions:post_interaction_gross,311,30000,Daily,311,54,54,Ongoing,"7-day click or 1-day view",60,ABSOLUTE_OCPM,2026-06-25T10:29:26+0700,-,-,-,"Micro Targeting A+",0.01851852,23,,,1,0,23,,
2026-07-01,2026-07-31,"Dapet Kerjaan di Luar Jobdesk",35-44,female,inactive,13,actions:post_interaction_gross,1190.76923077,30000,Daily,15480,2185,2150,Ongoing,"7-day click or 1-day view",60,ABSOLUTE_OCPM,2026-06-25T10:29:26+0700,-,-,-,"Micro Targeting A+",0.0055814,1342,,,1.016279,0,1342,,
2026-07-01,2026-07-31,"Dapet Kerjaan di Luar Jobdesk",35-44,male,inactive,20,actions:post_interaction_gross,3026.4,30000,Daily,60528,11543,10806,Ongoing,"7-day click or 1-day view",60,ABSOLUTE_OCPM,2026-06-25T10:29:26+0700,-,-,-,"Micro Targeting A+",0.00175828,6375,,,1.068203,0,6375,,
2026-07-01,2026-07-31,"Dapet Kerjaan di Luar Jobdesk",35-44,unknown,inactive,,,,30000,Daily,149,27,27,Ongoing,"7-day click or 1-day view",60,ABSOLUTE_OCPM,2026-06-25T10:29:26+0700,-,-,-,"Micro Targeting A+",0,15,,,1,0,15,,
2026-07-01,2026-07-31,"Dapet Kerjaan di Luar Jobdesk",45-54,female,inactive,9,actions:post_interaction_gross,2025.66666667,30000,Daily,18231,2582,2523,Ongoing,"7-day click or 1-day view",60,ABSOLUTE_OCPM,2026-06-25T10:29:26+0700,-,-,-,"Micro Targeting A+",0.00356718,1721,,,1.023385,0,1721,,
2026-07-01,2026-07-31,"Dapet Kerjaan di Luar Jobdesk",45-54,male,inactive,14,actions:post_interaction_gross,2613.35714286,30000,Daily,36587,6008,5784,Ongoing,"7-day click or 1-day view",60,ABSOLUTE_OCPM,2026-06-25T10:29:26+0700,-,-,-,"Micro Targeting A+",0.00242047,3898,,,1.038728,0,3898,,
2026-07-01,2026-07-31,"Dapet Kerjaan di Luar Jobdesk",45-54,unknown,inactive,1,actions:post_interaction_gross,122,30000,Daily,122,22,22,Ongoing,"7-day click or 1-day view",60,ABSOLUTE_OCPM,2026-06-25T10:29:26+0700,-,-,-,"Micro Targeting A+",0.04545455,15,,,1,0,15,,
2026-07-01,2026-07-31,"Dapet Kerjaan di Luar Jobdesk",55-64,female,inactive,6,actions:post_interaction_gross,2244.5,30000,Daily,13467,1627,1584,Ongoing,"7-day click or 1-day view",60,ABSOLUTE_OCPM,2026-06-25T10:29:26+0700,-,-,-,"Micro Targeting A+",0.00315657,1260,,,1.027146,0,1260,,
2026-07-01,2026-07-31,"Dapet Kerjaan di Luar Jobdesk",55-64,male,inactive,8,actions:post_interaction_gross,2021.25,30000,Daily,16170,2126,2022,Ongoing,"7-day click or 1-day view",60,ABSOLUTE_OCPM,2026-06-25T10:29:26+0700,-,-,-,"Micro Targeting A+",0.00395648,1545,,,1.051434,0,1545,,
2026-07-01,2026-07-31,"Dapet Kerjaan di Luar Jobdesk",55-64,unknown,inactive,,,,30000,Daily,35,8,6,Ongoing,"7-day click or 1-day view",60,ABSOLUTE_OCPM,2026-06-25T10:29:26+0700,-,-,-,"Micro Targeting A+",0,6,,,1.333333,0,6,,
2026-07-01,2026-07-31,"Dapet Kerjaan di Luar Jobdesk",65+,female,inactive,7,actions:post_interaction_gross,868.85714286,30000,Daily,6082,716,671,Ongoing,"7-day click or 1-day view",60,ABSOLUTE_OCPM,2026-06-25T10:29:26+0700,-,-,-,"Micro Targeting A+",0.00894188,532,,,1.067064,0,532,,
2026-07-01,2026-07-31,"Dapet Kerjaan di Luar Jobdesk",65+,male,inactive,5,actions:post_interaction_gross,1841.6,30000,Daily,9208,1319,1292,Ongoing,"7-day click or 1-day view",60,ABSOLUTE_OCPM,2026-06-25T10:29:26+0700,-,-,-,"Micro Targeting A+",0.00309598,840,,,1.020898,0,840,,
2026-07-01,2026-07-31,"Dapet Kerjaan di Luar Jobdesk",65+,unknown,inactive,,,,30000,Daily,19,3,3,Ongoing,"7-day click or 1-day view",60,ABSOLUTE_OCPM,2026-06-25T10:29:26+0700,-,-,-,"Micro Targeting A+",0,2,,,1,0,2,,
2026-07-01,2026-07-31,"Punya Peran Masing-masing",18-24,female,not_delivering,91,reach,1395.6043956,30000,Daily,127,94,91,Ongoing,"7-day click or 1-day view",0,ABSOLUTE_OCPM,2026-06-19T11:30:22+0700,-,-,-,"Micro Targeting A+",0,,,,1.032967,0,,,
2026-07-01,2026-07-31,"Punya Peran Masing-masing",18-24,male,not_delivering,404,reach,1467.82178218,30000,Daily,593,421,404,Ongoing,"7-day click or 1-day view",0,ABSOLUTE_OCPM,2026-06-19T11:30:22+0700,-,-,-,"Micro Targeting A+",0,,,,1.042079,0,,,
2026-07-01,2026-07-31,"Punya Peran Masing-masing",25-34,female,not_delivering,158,reach,1430.37974684,30000,Daily,226,162,158,Ongoing,"7-day click or 1-day view",0,ABSOLUTE_OCPM,2026-06-19T11:30:22+0700,-,-,-,"Micro Targeting A+",0,,,,1.025316,0,,,
2026-07-01,2026-07-31,"Punya Peran Masing-masing",25-34,male,not_delivering,1207,reach,1370.33968517,30000,Daily,1654,1215,1207,Ongoing,"7-day click or 1-day view",0,ABSOLUTE_OCPM,2026-06-19T11:30:22+0700,-,-,-,"Micro Targeting A+",0.0008285,1,,,1.006628,0,1,,
2026-07-01,2026-07-31,"Punya Peran Masing-masing",25-34,unknown,not_delivering,8,reach,1500,30000,Daily,12,8,8,Ongoing,"7-day click or 1-day view",0,ABSOLUTE_OCPM,2026-06-19T11:30:22+0700,-,-,-,"Micro Targeting A+",0,,,,1,0,,,
2026-07-01,2026-07-31,"Punya Peran Masing-masing",35-44,female,not_delivering,130,reach,1292.30769231,30000,Daily,168,130,130,Ongoing,"7-day click or 1-day view",0,ABSOLUTE_OCPM,2026-06-19T11:30:22+0700,-,-,-,"Micro Targeting A+",0,,,,1,0,,,
2026-07-01,2026-07-31,"Punya Peran Masing-masing",35-44,male,not_delivering,789,reach,1429.65779468,30000,Daily,1128,819,789,Ongoing,"7-day click or 1-day view",0,ABSOLUTE_OCPM,2026-06-19T11:30:22+0700,-,-,-,"Micro Targeting A+",0,,,,1.038023,0,,,
2026-07-01,2026-07-31,"Punya Peran Masing-masing",35-44,unknown,not_delivering,3,reach,1333.33333333,30000,Daily,4,3,3,Ongoing,"7-day click or 1-day view",0,ABSOLUTE_OCPM,2026-06-19T11:30:22+0700,-,-,-,"Micro Targeting A+",0,,,,1,0,,,
2026-07-01,2026-07-31,"Punya Peran Masing-masing",45-54,female,not_delivering,122,reach,1262.29508197,30000,Daily,154,122,122,Ongoing,"7-day click or 1-day view",0,ABSOLUTE_OCPM,2026-06-19T11:30:22+0700,-,-,-,"Micro Targeting A+",0,,,,1,0,,,
2026-07-01,2026-07-31,"Punya Peran Masing-masing",45-54,male,not_delivering,636,reach,1371.06918239,30000,Daily,872,643,636,Ongoing,"7-day click or 1-day view",0,ABSOLUTE_OCPM,2026-06-19T11:30:22+0700,-,-,-,"Micro Targeting A+",0,,,,1.011006,0,,,
2026-07-01,2026-07-31,"Punya Peran Masing-masing",45-54,unknown,not_delivering,1,reach,1000,30000,Daily,1,1,1,Ongoing,"7-day click or 1-day view",0,ABSOLUTE_OCPM,2026-06-19T11:30:22+0700,-,-,-,"Micro Targeting A+",0,,,,1,0,,,
2026-07-01,2026-07-31,"Punya Peran Masing-masing",55-64,female,not_delivering,52,reach,1307.69230769,30000,Daily,68,52,52,Ongoing,"7-day click or 1-day view",0,ABSOLUTE_OCPM,2026-06-19T11:30:22+0700,-,-,-,"Micro Targeting A+",0,,,,1,0,,,
2026-07-01,2026-07-31,"Punya Peran Masing-masing",55-64,male,not_delivering,255,reach,1325.49019608,30000,Daily,338,256,255,Ongoing,"7-day click or 1-day view",0,ABSOLUTE_OCPM,2026-06-19T11:30:22+0700,-,-,-,"Micro Targeting A+",0,,,,1.003922,0,,,
2026-07-01,2026-07-31,"Punya Peran Masing-masing",55-64,unknown,not_delivering,2,reach,1000,30000,Daily,2,2,2,Ongoing,"7-day click or 1-day view",0,ABSOLUTE_OCPM,2026-06-19T11:30:22+0700,-,-,-,"Micro Targeting A+",0,,,,1,0,,,
2026-07-01,2026-07-31,"Punya Peran Masing-masing",65+,female,not_delivering,32,reach,1437.5,30000,Daily,46,32,32,Ongoing,"7-day click or 1-day view",0,ABSOLUTE_OCPM,2026-06-19T11:30:22+0700,-,-,-,"Micro Targeting A+",0,,,,1,0,,,
2026-07-01,2026-07-31,"Punya Peran Masing-masing",65+,male,not_delivering,174,reach,1339.08045977,30000,Daily,233,176,174,Ongoing,"7-day click or 1-day view",0,ABSOLUTE_OCPM,2026-06-19T11:30:22+0700,-,-,-,"Micro Targeting A+",0,1,,,1.011494,0,1,,
2026-07-01,2026-07-31,"Punya Peran Masing-masing",18-24,female,inactive,5869,reach,1646.2770489,50000,Daily,9662,7164,5869,Ongoing,"7-day click or 1-day view",0,ABSOLUTE_OCPM,2026-07-24T11:29:11+0700,-,-,-,"Micro Targeting A+",0.00051116,4,,,1.220651,0,4,,
2026-07-01,2026-07-31,"Punya Peran Masing-masing",18-24,male,inactive,19610,reach,1704.3345232,50000,Daily,33422,24834,19610,Ongoing,"7-day click or 1-day view",0,ABSOLUTE_OCPM,2026-07-24T11:29:11+0700,-,-,-,"Micro Targeting A+",0.00015298,5,,,1.266395,0,5,,
2026-07-01,2026-07-31,"Punya Peran Masing-masing",18-24,unknown,inactive,143,reach,1650.34965035,50000,Daily,236,172,143,Ongoing,"7-day click or 1-day view",0,ABSOLUTE_OCPM,2026-07-24T11:29:11+0700,-,-,-,"Micro Targeting A+",0,,,,1.202797,0,,,
2026-07-01,2026-07-31,"Punya Peran Masing-masing",25-34,female,inactive,10206,reach,1783.26474623,50000,Daily,18200,13531,10206,Ongoing,"7-day click or 1-day view",0,ABSOLUTE_OCPM,2026-07-24T11:29:11+0700,-,-,-,"Micro Targeting A+",0.00019596,5,,,1.325789,0,5,,
2026-07-01,2026-07-31,"Punya Peran Masing-masing",25-34,male,inactive,53703,reach,1769.67767164,50000,Daily,95037,69421,53703,Ongoing,"7-day click or 1-day view",0,ABSOLUTE_OCPM,2026-07-24T11:29:11+0700,-,-,-,"Micro Targeting A+",0.0003538,38,2,0.002881,1.292684,0,38,,
2026-07-01,2026-07-31,"Punya Peran Masing-masing",25-34,unknown,inactive,337,reach,1845.69732938,50000,Daily,622,465,337,Ongoing,"7-day click or 1-day view",0,ABSOLUTE_OCPM,2026-07-24T11:29:11+0700,-,-,-,"Micro Targeting A+",0,,,,1.379822,0,,,
2026-07-01,2026-07-31,"Punya Peran Masing-masing",35-44,female,inactive,7211,reach,1814.72749965,50000,Daily,13086,9778,7211,Ongoing,"7-day click or 1-day view",0,ABSOLUTE_OCPM,2026-07-24T11:29:11+0700,-,-,-,"Micro Targeting A+",0.00041603,3,,,1.355984,0,3,,
2026-07-01,2026-07-31,"Punya Peran Masing-masing",35-44,male,inactive,31081,reach,1854.70222966,50000,Daily,57646,42916,31081,Ongoing,"7-day click or 1-day view",0,ABSOLUTE_OCPM,2026-07-24T11:29:11+0700,-,-,-,"Micro Targeting A+",0.00048261,25,1,0.00233,1.380779,0,25,,
2026-07-01,2026-07-31,"Punya Peran Masing-masing",35-44,unknown,inactive,151,reach,1774.83443709,50000,Daily,268,207,151,Ongoing,"7-day click or 1-day view",0,ABSOLUTE_OCPM,2026-07-24T11:29:11+0700,-,-,-,"Micro Targeting A+",0,,,,1.370861,0,,,
2026-07-01,2026-07-31,"Punya Peran Masing-masing",45-54,female,inactive,9038,reach,1908.0548794,50000,Daily,17245,12898,9038,Ongoing,"7-day click or 1-day view",0,ABSOLUTE_OCPM,2026-07-24T11:29:11+0700,-,-,-,"Micro Targeting A+",0.00044258,7,,,1.427086,0,7,,
2026-07-01,2026-07-31,"Punya Peran Masing-masing",45-54,male,inactive,26505,reach,1918.24184116,50000,Daily,50843,37976,26505,Ongoing,"7-day click or 1-day view",0,ABSOLUTE_OCPM,2026-07-24T11:29:11+0700,-,-,-,"Micro Targeting A+",0.00041502,22,1,0.002633,1.432786,0,22,,
2026-07-01,2026-07-31,"Punya Peran Masing-masing",45-54,unknown,inactive,117,reach,1777.77777778,50000,Daily,208,158,117,Ongoing,"7-day click or 1-day view",0,ABSOLUTE_OCPM,2026-07-24T11:29:11+0700,-,-,-,"Micro Targeting A+",0.00854701,1,,,1.350427,0,1,,
2026-07-01,2026-07-31,"Punya Peran Masing-masing",55-64,female,inactive,4411,reach,1877.80548628,50000,Daily,8283,6284,4411,Ongoing,"7-day click or 1-day view",0,ABSOLUTE_OCPM,2026-07-24T11:29:11+0700,-,-,-,"Micro Targeting A+",0.00068012,3,,,1.42462,0,3,,
2026-07-01,2026-07-31,"Punya Peran Masing-masing",55-64,male,inactive,11457,reach,2006.80806494,50000,Daily,22992,17196,11457,Ongoing,"7-day click or 1-day view",0,ABSOLUTE_OCPM,2026-07-24T11:29:11+0700,-,-,-,"Micro Targeting A+",0.00069826,11,,,1.500916,0,11,,
2026-07-01,2026-07-31,"Punya Peran Masing-masing",55-64,unknown,inactive,44,reach,2159.09090909,50000,Daily,95,69,44,Ongoing,"7-day click or 1-day view",0,ABSOLUTE_OCPM,2026-07-24T11:29:11+0700,-,-,-,"Micro Targeting A+",0,,,,1.568182,0,,,
2026-07-01,2026-07-31,"Punya Peran Masing-masing",65+,female,inactive,2580,reach,1877.90697674,50000,Daily,4845,3609,2580,Ongoing,"7-day click or 1-day view",0,ABSOLUTE_OCPM,2026-07-24T11:29:11+0700,-,-,-,"Micro Targeting A+",0.00077519,3,1,0.027709,1.398837,0,3,,
2026-07-01,2026-07-31,"Punya Peran Masing-masing",65+,male,inactive,8488,reach,1911.52214892,50000,Daily,16225,12001,8488,Ongoing,"7-day click or 1-day view",0,ABSOLUTE_OCPM,2026-07-24T11:29:11+0700,-,-,-,"Micro Targeting A+",0.00035344,3,,,1.413878,0,3,,
2026-07-01,2026-07-31,"Punya Peran Masing-masing",65+,unknown,inactive,57,reach,1736.84210526,50000,Daily,99,74,57,Ongoing,"7-day click or 1-day view",0,ABSOLUTE_OCPM,2026-07-24T11:29:11+0700,-,-,-,"Micro Targeting A+",0,,,,1.298246,0,,,
2026-07-01,2026-07-31,"Punya Peran Masing-masing",Unknown,male,inactive,3,reach,1000,50000,Daily,3,3,3,Ongoing,"7-day click or 1-day view",0,ABSOLUTE_OCPM,2026-07-24T11:29:11+0700,-,-,-,"Micro Targeting A+",0,,,,1,0,,,
2026-07-01,2026-07-31,"Nobar Bola",18-24,female,inactive,194,reach,1484.53608247,50000,Daily,288,204,194,Ongoing,"7-day click or 1-day view",0,ABSOLUTE_OCPM,2026-07-24T11:29:11+0700,-,-,-,"Micro Targeting A+",0,,,,1.051546,0,,,
2026-07-01,2026-07-31,"Nobar Bola",18-24,male,inactive,870,reach,1482.75862069,50000,Daily,1290,889,870,Ongoing,"7-day click or 1-day view",0,ABSOLUTE_OCPM,2026-07-24T11:29:11+0700,-,-,-,"Micro Targeting A+",0,1,,,1.021839,0,1,,
2026-07-01,2026-07-31,"Nobar Bola",18-24,unknown,inactive,5,reach,1200,50000,Daily,6,5,5,Ongoing,"7-day click or 1-day view",0,ABSOLUTE_OCPM,2026-07-24T11:29:11+0700,-,-,-,"Micro Targeting A+",0,,,,1,0,,,
2026-07-01,2026-07-31,"Nobar Bola",25-34,female,inactive,379,reach,1469.65699208,50000,Daily,557,385,379,Ongoing,"7-day click or 1-day view",0,ABSOLUTE_OCPM,2026-07-24T11:29:11+0700,-,-,-,"Micro Targeting A+",0,,,,1.015831,0,,,
2026-07-01,2026-07-31,"Nobar Bola",25-34,male,inactive,2762,reach,1479.00072411,50000,Daily,4085,2847,2762,Ongoing,"7-day click or 1-day view",0,ABSOLUTE_OCPM,2026-07-24T11:29:11+0700,-,-,-,"Micro Targeting A+",0,,,,1.030775,0,,,
2026-07-01,2026-07-31,"Nobar Bola",25-34,unknown,inactive,15,reach,1600,50000,Daily,24,15,15,Ongoing,"7-day click or 1-day view",0,ABSOLUTE_OCPM,2026-07-24T11:29:11+0700,-,-,-,"Micro Targeting A+",0,,,,1,0,,,
2026-07-01,2026-07-31,"Nobar Bola",35-44,female,inactive,263,reach,1566.53992395,50000,Daily,412,275,263,Ongoing,"7-day click or 1-day view",0,ABSOLUTE_OCPM,2026-07-24T11:29:11+0700,-,-,-,"Micro Targeting A+",0,,,,1.045627,0,,,
2026-07-01,2026-07-31,"Nobar Bola",35-44,male,inactive,1865,reach,1514.20911528,50000,Daily,2824,1948,1865,Ongoing,"7-day click or 1-day view",0,ABSOLUTE_OCPM,2026-07-24T11:29:11+0700,-,-,-,"Micro Targeting A+",0.00053619,1,,,1.044504,0,1,,
2026-07-01,2026-07-31,"Nobar Bola",35-44,unknown,inactive,9,reach,1444.44444444,50000,Daily,13,9,9,Ongoing,"7-day click or 1-day view",0,ABSOLUTE_OCPM,2026-07-24T11:29:11+0700,-,-,-,"Micro Targeting A+",0,,,,1,0,,,
2026-07-01,2026-07-31,"Nobar Bola",45-54,female,inactive,435,reach,1526.43678161,50000,Daily,664,450,435,Ongoing,"7-day click or 1-day view",0,ABSOLUTE_OCPM,2026-07-24T11:29:11+0700,-,-,-,"Micro Targeting A+",0,1,,,1.034483,0,1,,
2026-07-01,2026-07-31,"Nobar Bola",45-54,male,inactive,1918,reach,1541.18873827,50000,Daily,2956,2054,1918,Ongoing,"7-day click or 1-day view",0,ABSOLUTE_OCPM,2026-07-24T11:29:11+0700,-,-,-,"Micro Targeting A+",0,,,,1.070907,0,,,
2026-07-01,2026-07-31,"Nobar Bola",45-54,unknown,inactive,4,reach,1250,50000,Daily,5,4,4,Ongoing,"7-day click or 1-day view",0,ABSOLUTE_OCPM,2026-07-24T11:29:11+0700,-,-,-,"Micro Targeting A+",0,,,,1,0,,,
2026-07-01,2026-07-31,"Nobar Bola",55-64,female,inactive,217,reach,1566.8202765,50000,Daily,340,229,217,Ongoing,"7-day click or 1-day view",0,ABSOLUTE_OCPM,2026-07-24T11:29:11+0700,-,-,-,"Micro Targeting A+",0,,,,1.0553,0,,,
2026-07-01,2026-07-31,"Nobar Bola",55-64,male,inactive,820,reach,1530.48780488,50000,Daily,1255,903,820,Ongoing,"7-day click or 1-day view",0,ABSOLUTE_OCPM,2026-07-24T11:29:11+0700,-,-,-,"Micro Targeting A+",0.00121951,2,,,1.10122,0,2,,
2026-07-01,2026-07-31,"Nobar Bola",55-64,unknown,inactive,3,reach,1333.33333333,50000,Daily,4,3,3,Ongoing,"7-day click or 1-day view",0,ABSOLUTE_OCPM,2026-07-24T11:29:11+0700,-,-,-,"Micro Targeting A+",0,,,,1,0,,,
2026-07-01,2026-07-31,"Nobar Bola",65+,female,inactive,141,reach,1489.36170213,50000,Daily,210,152,141,Ongoing,"7-day click or 1-day view",0,ABSOLUTE_OCPM,2026-07-24T11:29:11+0700,-,-,-,"Micro Targeting A+",0,1,,,1.078014,0,1,,
2026-07-01,2026-07-31,"Nobar Bola",65+,male,inactive,717,reach,1721.05997211,50000,Daily,1234,783,717,Ongoing,"7-day click or 1-day view",0,ABSOLUTE_OCPM,2026-07-24T11:29:11+0700,-,-,-,"Micro Targeting A+",0,,,,1.09205,0,,,
2026-07-01,2026-07-31,"Nobar Bola",65+,unknown,inactive,3,reach,1333.33333333,50000,Daily,4,3,3,Ongoing,"7-day click or 1-day view",0,ABSOLUTE_OCPM,2026-07-24T11:29:11+0700,-,-,-,"Micro Targeting A+",0,,,,1,0,,,
2026-07-01,2026-07-31,"Dapet Kerjaan Di Luar Jobdesk",25-34,female,not_delivering,2,profile_visit_view,56.5,"Using campaign budget",0,113,7,7,Ongoing,"1-day click",0,ABSOLUTE_OCPM,2026-06-27T07:38:25+0700,-,-,-,"Broad A+",0,3,1,14.285714,1,0,3,,
2026-07-01,2026-07-31,"Dapet Kerjaan Di Luar Jobdesk",25-34,male,not_delivering,,,,"Using campaign budget",0,110,14,14,Ongoing,"1-day click",0,ABSOLUTE_OCPM,2026-06-27T07:38:25+0700,-,-,-,"Broad A+",0,4,,,1,0,4,,
2026-07-01,2026-07-31,"Dapet Kerjaan Di Luar Jobdesk",35-44,female,not_delivering,,,,"Using campaign budget",0,93,6,6,Ongoing,"1-day click",0,ABSOLUTE_OCPM,2026-06-27T07:38:25+0700,-,-,-,"Broad A+",0,2,,,1,0,2,,
2026-07-01,2026-07-31,"Dapet Kerjaan Di Luar Jobdesk",35-44,male,not_delivering,,,,"Using campaign budget",0,1130,13,13,Ongoing,"1-day click",0,ABSOLUTE_OCPM,2026-06-27T07:38:25+0700,-,-,-,"Broad A+",0,6,,,1,0,6,,
2026-07-01,2026-07-31,"Dapet Kerjaan Di Luar Jobdesk",45-54,female,not_delivering,,,,"Using campaign budget",0,227,12,12,Ongoing,"1-day click",0,ABSOLUTE_OCPM,2026-06-27T07:38:25+0700,-,-,-,"Broad A+",0,6,,,1,0,6,,
2026-07-01,2026-07-31,"Dapet Kerjaan Di Luar Jobdesk",45-54,male,not_delivering,,,,"Using campaign budget",0,203,12,11,Ongoing,"1-day click",0,ABSOLUTE_OCPM,2026-06-27T07:38:25+0700,-,-,-,"Broad A+",0,4,,,1.090909,0,4,,
2026-07-01,2026-07-31,"Dapet Kerjaan Di Luar Jobdesk",55-64,female,not_delivering,,,,"Using campaign budget",0,326,8,8,Ongoing,"1-day click",0,ABSOLUTE_OCPM,2026-06-27T07:38:25+0700,-,-,-,"Broad A+",0,5,,,1,0,5,,
2026-07-01,2026-07-31,"Dapet Kerjaan Di Luar Jobdesk",55-64,male,not_delivering,2,profile_visit_view,216,"Using campaign budget",0,432,15,15,Ongoing,"1-day click",0,ABSOLUTE_OCPM,2026-06-27T07:38:25+0700,-,-,-,"Broad A+",0,14,3,20,1,0,14,,
2026-07-01,2026-07-31,"Dapet Kerjaan Di Luar Jobdesk",65+,female,not_delivering,,,,"Using campaign budget",0,108,5,5,Ongoing,"1-day click",0,ABSOLUTE_OCPM,2026-06-27T07:38:25+0700,-,-,-,"Broad A+",0,3,,,1,0,3,,
2026-07-01,2026-07-31,"Dapet Kerjaan Di Luar Jobdesk",65+,male,not_delivering,,,,"Using campaign budget",0,128,4,4,Ongoing,"1-day click",0,ABSOLUTE_OCPM,2026-06-27T07:38:25+0700,-,-,-,"Broad A+",0,1,,,1,0,1,,
2026-07-01,2026-07-31,"Nobar Bola Pakai Bourbon",25-34,female,not_delivering,346,profile_visit_view,337.53468208,"Using campaign budget",0,116787,33731,28451,Ongoing,"1-day click",0,ABSOLUTE_OCPM,2026-06-27T07:38:25+0700,-,-,-,"Broad A+",0.00070296,363,342,1.013904,1.185582,1,363,,
2026-07-01,2026-07-31,"Nobar Bola Pakai Bourbon",25-34,male,not_delivering,680,profile_visit_view,343.12352941,"Using campaign budget",0,233324,66554,54492,Ongoing,"1-day click",0,ABSOLUTE_OCPM,2026-06-27T07:38:25+0700,-,-,-,"Broad A+",0.00082581,747,702,1.054783,1.221354,3,747,,
2026-07-01,2026-07-31,"Nobar Bola Pakai Bourbon",25-34,unknown,not_delivering,7,profile_visit_view,393.57142857,"Using campaign budget",0,2755,808,681,Ongoing,"1-day click",0,ABSOLUTE_OCPM,2026-06-27T07:38:25+0700,-,-,-,"Broad A+",0.00146843,9,8,0.990099,1.18649,0,9,,
2026-07-01,2026-07-31,"Nobar Bola Pakai Bourbon",35-44,female,not_delivering,134,profile_visit_view,348.93283582,"Using campaign budget",0,46757,13026,11108,Ongoing,"1-day click",0,ABSOLUTE_OCPM,2026-06-27T07:38:25+0700,-,-,-,"Broad A+",0.00090025,144,134,1.028712,1.172668,1,144,,
2026-07-01,2026-07-31,"Nobar Bola Pakai Bourbon",35-44,male,not_delivering,204,profile_visit_view,338.67156863,"Using campaign budget",0,69089,17924,15040,Ongoing,"1-day click",0,ABSOLUTE_OCPM,2026-06-27T07:38:25+0700,-,-,-,"Broad A+",0.00079787,223,210,1.171613,1.191755,2,223,,
2026-07-01,2026-07-31,"Nobar Bola Pakai Bourbon",35-44,unknown,not_delivering,4,profile_visit_view,165,"Using campaign budget",0,660,186,155,Ongoing,"1-day click",0,ABSOLUTE_OCPM,2026-06-27T07:38:25+0700,-,-,-,"Broad A+",0,3,3,1.612903,1.2,0,3,,
2026-07-01,2026-07-31,"Nobar Bola Pakai Bourbon",45-54,female,not_delivering,68,profile_visit_view,351.89705882,"Using campaign budget",0,23929,6759,5574,Ongoing,"1-day click",0,ABSOLUTE_OCPM,2026-06-27T07:38:25+0700,-,-,-,"Broad A+",0.00125583,77,69,1.020861,1.212594,1,77,,
2026-07-01,2026-07-31,"Nobar Bola Pakai Bourbon",45-54,male,not_delivering,72,profile_visit_view,430.27777778,"Using campaign budget",0,30980,8149,6786,Ongoing,"1-day click",0,ABSOLUTE_OCPM,2026-06-27T07:38:25+0700,-,-,-,"Broad A+",0.00088417,85,79,0.969444,1.200855,0,85,,
2026-07-01,2026-07-31,"Nobar Bola Pakai Bourbon",45-54,unknown,not_delivering,1,profile_visit_view,242,"Using campaign budget",0,242,84,71,Ongoing,"1-day click",0,ABSOLUTE_OCPM,2026-06-27T07:38:25+0700,-,-,-,"Broad A+",0,1,1,1.190476,1.183099,0,1,,
2026-07-01,2026-07-31,"Nobar Bola Pakai Bourbon",55-64,female,not_delivering,17,profile_visit_view,459.29411765,"Using campaign budget",0,7808,1802,1505,Ongoing,"1-day click",0,ABSOLUTE_OCPM,2026-06-27T07:38:25+0700,-,-,-,"Broad A+",0.0013289,20,18,0.99889,1.197342,0,20,,
2026-07-01,2026-07-31,"Nobar Bola Pakai Bourbon",55-64,male,not_delivering,26,profile_visit_view,467.73076923,"Using campaign budget",0,12161,2524,2069,Ongoing,"1-day click",0,ABSOLUTE_OCPM,2026-06-27T07:38:25+0700,-,-,-,"Broad A+",0.00241663,34,29,1.14897,1.219913,0,36,,
2026-07-01,2026-07-31,"Nobar Bola Pakai Bourbon",55-64,unknown,not_delivering,,,,"Using campaign budget",0,67,19,17,Ongoing,"1-day click",0,ABSOLUTE_OCPM,2026-06-27T07:38:25+0700,-,-,-,"Broad A+",0,,,,1.117647,0,,,
2026-07-01,2026-07-31,"Nobar Bola Pakai Bourbon",65+,female,not_delivering,14,profile_visit_view,453.57142857,"Using campaign budget",0,6350,1710,1392,Ongoing,"1-day click",0,ABSOLUTE_OCPM,2026-06-27T07:38:25+0700,-,-,-,"Broad A+",0.00143678,15,13,0.760234,1.228448,0,15,,
2026-07-01,2026-07-31,"Nobar Bola Pakai Bourbon",65+,male,not_delivering,28,profile_visit_view,420.78571429,"Using campaign budget",0,11782,3180,2638,Ongoing,"1-day click",0,ABSOLUTE_OCPM,2026-06-27T07:38:25+0700,-,-,-,"Broad A+",0.00037908,30,29,0.91195,1.205459,0,30,,
2026-07-01,2026-07-31,"Nobar Bola Pakai Bourbon",65+,unknown,not_delivering,,,,"Using campaign budget",0,82,34,32,Ongoing,"1-day click",0,ABSOLUTE_OCPM,2026-06-27T07:38:25+0700,-,-,-,"Broad A+",0,,,,1.0625,0,,,
2026-07-01,2026-07-31,"Nobar Bola Pakai Bourbon",Unknown,female,not_delivering,,,,"Using campaign budget",0,2,1,1,Ongoing,"1-day click",0,ABSOLUTE_OCPM,2026-06-27T07:38:25+0700,-,-,-,"Broad A+",0,,,,1,0,,,
2026-07-01,2026-07-31,"Nobar Bola Pakai Bourbon",Unknown,male,not_delivering,,,,"Using campaign budget",0,3,1,1,Ongoing,"1-day click",0,ABSOLUTE_OCPM,2026-06-27T07:38:25+0700,-,-,-,"Broad A+",0,,,,1,0,,,
2026-07-01,2026-07-31,"Nobar Bola Pakai Bourbon",Unknown,unknown,not_delivering,12,profile_visit_view,0,"Using campaign budget",0,0,0,0,Ongoing,"1-day click",0,ABSOLUTE_OCPM,2026-06-27T07:38:25+0700,-,-,-,"Broad A+",,,,,0,0,,,
2026-07-01,2026-07-31,"Aldi Taher",25-34,female,inactive,2053,profile_visit_view,299.18704335,"Using campaign budget",0,614231,123000,99674,Ongoing,"1-day click",0,ABSOLUTE_OCPM,2026-06-27T07:38:25+0700,-,-,-,"Broad A+",0.00059193,2120,2053,1.669106,1.234023,0,2120,,
2026-07-01,2026-07-31,"Aldi Taher",25-34,male,inactive,1755,profile_visit_view,315.89116809,"Using campaign budget",0,554389,137086,105424,Ongoing,"1-day click",0,ABSOLUTE_OCPM,2026-06-27T07:38:25+0700,-,-,-,"Broad A+",0.00090112,1862,1760,1.283866,1.30033,4,1862,,
2026-07-01,2026-07-31,"Aldi Taher",25-34,unknown,inactive,20,profile_visit_view,263.1,"Using campaign budget",0,5262,1328,1066,Ongoing,"1-day click",0,ABSOLUTE_OCPM,2026-06-27T07:38:25+0700,-,-,-,"Broad A+",0.00281426,24,21,1.581325,1.245779,0,24,,
2026-07-01,2026-07-31,"Aldi Taher",35-44,female,inactive,605,profile_visit_view,326.52231405,"Using campaign budget",0,197546,31674,25874,Ongoing,"1-day click",0,ABSOLUTE_OCPM,2026-06-27T07:38:25+0700,-,-,-,"Broad A+",0.00112082,649,616,1.944813,1.224163,2,649,,
2026-07-01,2026-07-31,"Aldi Taher",35-44,male,inactive,435,profile_visit_view,358.91034483,"Using campaign budget",0,156126,32177,26096,Ongoing,"1-day click",0,ABSOLUTE_OCPM,2026-06-27T07:38:25+0700,-,-,-,"Broad A+",0.00107296,480,446,1.386083,1.233024,1,480,,
2026-07-01,2026-07-31,"Aldi Taher",35-44,unknown,inactive,7,profile_visit_view,146.28571429,"Using campaign budget",0,1024,260,209,Ongoing,"1-day click",0,ABSOLUTE_OCPM,2026-06-27T07:38:25+0700,-,-,-,"Broad A+",0,6,6,2.307692,1.244019,0,6,,
2026-07-01,2026-07-31,"Aldi Taher",45-54,female,inactive,169,profile_visit_view,366.71005917,"Using campaign budget",0,61974,10778,8411,Ongoing,"1-day click",0,ABSOLUTE_OCPM,2026-06-27T07:38:25+0700,-,-,-,"Broad A+",0.00190227,189,173,1.605122,1.281417,0,189,,
2026-07-01,2026-07-31,"Aldi Taher",45-54,male,inactive,122,profile_visit_view,400.67213115,"Using campaign budget",0,48882,11031,8736,Ongoing,"1-day click",0,ABSOLUTE_OCPM,2026-06-27T07:38:25+0700,-,-,-,"Broad A+",0.0018315,147,130,1.178497,1.262706,0,147,,
2026-07-01,2026-07-31,"Aldi Taher",45-54,unknown,inactive,2,profile_visit_view,180,"Using campaign budget",0,360,107,92,Ongoing,"1-day click",0,ABSOLUTE_OCPM,2026-06-27T07:38:25+0700,-,-,-,"Broad A+",0,2,2,1.869159,1.163043,0,2,,
2026-07-01,2026-07-31,"Aldi Taher",55-64,female,inactive,71,profile_visit_view,293.85915493,"Using campaign budget",0,20864,3235,2691,Ongoing,"1-day click",0,ABSOLUTE_OCPM,2026-06-27T07:38:25+0700,-,-,-,"Broad A+",0.00148644,73,69,2.132921,1.202155,0,73,,
2026-07-01,2026-07-31,"Aldi Taher",55-64,male,inactive,46,profile_visit_view,359.30434783,"Using campaign budget",0,16528,3290,2680,Ongoing,"1-day click",0,ABSOLUTE_OCPM,2026-06-27T07:38:25+0700,-,-,-,"Broad A+",0.0011194,51,48,1.458967,1.227612,0,51,,
2026-07-01,2026-07-31,"Aldi Taher",55-64,unknown,inactive,,,,"Using campaign budget",0,213,49,37,Ongoing,"1-day click",0,ABSOLUTE_OCPM,2026-06-27T07:38:25+0700,-,-,-,"Broad A+",0,,,,1.324324,0,,,
2026-07-01,2026-07-31,"Aldi Taher",65+,female,inactive,35,profile_visit_view,374.28571429,"Using campaign budget",0,13100,2589,2148,Ongoing,"1-day click",0,ABSOLUTE_OCPM,2026-06-27T07:38:25+0700,-,-,-,"Broad A+",0.0018622,41,37,1.429123,1.205307,0,41,,
2026-07-01,2026-07-31,"Aldi Taher",65+,male,inactive,43,profile_visit_view,396.04651163,"Using campaign budget",0,17030,4260,3409,Ongoing,"1-day click",0,ABSOLUTE_OCPM,2026-06-27T07:38:25+0700,-,-,-,"Broad A+",0.00088002,52,47,1.103286,1.249633,1,52,,
2026-07-01,2026-07-31,"Aldi Taher",65+,unknown,inactive,1,profile_visit_view,163,"Using campaign budget",0,163,40,33,Ongoing,"1-day click",0,ABSOLUTE_OCPM,2026-06-27T07:38:25+0700,-,-,-,"Broad A+",0,1,1,2.5,1.212121,0,1,,
2026-07-01,2026-07-31,"Aldi Taher",Unknown,female,inactive,,,,"Using campaign budget",0,29,4,4,Ongoing,"1-day click",0,ABSOLUTE_OCPM,2026-06-27T07:38:25+0700,-,-,-,"Broad A+",0,,,,1,0,,,
2026-07-01,2026-07-31,"Aldi Taher",Unknown,male,inactive,,,,"Using campaign budget",0,30,8,8,Ongoing,"1-day click",0,ABSOLUTE_OCPM,2026-06-27T07:38:25+0700,-,-,-,"Broad A+",0,,,,1,0,,,
2026-07-01,2026-07-31,"Aldi Taher",Unknown,unknown,inactive,13,profile_visit_view,0,"Using campaign budget",0,0,0,0,Ongoing,"1-day click",0,ABSOLUTE_OCPM,2026-06-27T07:38:25+0700,-,-,-,"Broad A+",,,,,0,0,,,
2026-07-01,2026-07-31,"Aldi Taher",18-24,female,inactive,9884,reach,2446.68150546,50000,Daily,24183,17322,9884,Ongoing,"7-day click or 1-day view",0,ABSOLUTE_OCPM,2026-07-24T11:29:11+0700,-,-,-,"Micro Targeting A+",0.00050587,5,,,1.752529,0,5,,
2026-07-01,2026-07-31,"Aldi Taher",18-24,male,inactive,20697,reach,2429.72411461,50000,Daily,50288,36173,20697,Ongoing,"7-day click or 1-day view",0,ABSOLUTE_OCPM,2026-07-24T11:29:11+0700,-,-,-,"Micro Targeting A+",0.00024158,8,,,1.747741,0,8,,
2026-07-01,2026-07-31,"Aldi Taher",18-24,unknown,inactive,142,reach,2443.66197183,50000,Daily,347,247,142,Ongoing,"7-day click or 1-day view",0,ABSOLUTE_OCPM,2026-07-24T11:29:11+0700,-,-,-,"Micro Targeting A+",0,,,,1.739437,0,,,
2026-07-01,2026-07-31,"Aldi Taher",25-34,female,inactive,30901,reach,2326.81790233,50000,Daily,71901,51864,30901,Ongoing,"7-day click or 1-day view",0,ABSOLUTE_OCPM,2026-07-24T11:29:11+0700,-,-,-,"Micro Targeting A+",0.00061487,25,,,1.678392,0,25,,
2026-07-01,2026-07-31,"Aldi Taher",25-34,male,inactive,92948,reach,2419.26668675,50000,Daily,224866,161655,92948,Ongoing,"7-day click or 1-day view",0,ABSOLUTE_OCPM,2026-07-24T11:29:11+0700,-,-,-,"Micro Targeting A+",0.00051642,60,5,0.003093,1.739198,0,60,,
2026-07-01,2026-07-31,"Aldi Taher",25-34,unknown,inactive,540,reach,2314.81481481,50000,Daily,1250,907,540,Ongoing,"7-day click or 1-day view",0,ABSOLUTE_OCPM,2026-07-24T11:29:11+0700,-,-,-,"Micro Targeting A+",0.00185185,1,,,1.67963,0,1,,
2026-07-01,2026-07-31,"Aldi Taher",35-44,female,inactive,31067,reach,2271.0593234,50000,Daily,70555,51318,31067,Ongoing,"7-day click or 1-day view",0,ABSOLUTE_OCPM,2026-07-24T11:29:11+0700,-,-,-,"Micro Targeting A+",0.00064377,21,1,0.001949,1.651849,0,21,,
2026-07-01,2026-07-31,"Aldi Taher",35-44,male,inactive,89061,reach,2371.48695838,50000,Daily,211207,152880,89061,Ongoing,"7-day click or 1-day view",0,ABSOLUTE_OCPM,2026-07-24T11:29:11+0700,-,-,-,"Micro Targeting A+",0.00055018,55,3,0.001962,1.716576,0,55,,
2026-07-01,2026-07-31,"Aldi Taher",35-44,unknown,inactive,369,reach,2403.79403794,50000,Daily,887,650,369,Ongoing,"7-day click or 1-day view",0,ABSOLUTE_OCPM,2026-07-24T11:29:11+0700,-,-,-,"Micro Targeting A+",0,,,,1.761518,0,,,
2026-07-01,2026-07-31,"Aldi Taher",45-54,female,inactive,35835,reach,2413.39472583,50000,Daily,86484,62892,35835,Ongoing,"7-day click or 1-day view",0,ABSOLUTE_OCPM,2026-07-24T11:29:11+0700,-,-,-,"Micro Targeting A+",0.00089298,35,,,1.755044,0,35,,
2026-07-01,2026-07-31,"Aldi Taher",45-54,male,inactive,81547,reach,2418.5806958,50000,Daily,197228,143236,81547,Ongoing,"7-day click or 1-day view",0,ABSOLUTE_OCPM,2026-07-24T11:29:11+0700,-,-,-,"Micro Targeting A+",0.0005273,48,3,0.002094,1.756484,0,48,,
2026-07-01,2026-07-31,"Aldi Taher",45-54,unknown,inactive,299,reach,2033.44481605,50000,Daily,608,451,299,Ongoing,"7-day click or 1-day view",0,ABSOLUTE_OCPM,2026-07-24T11:29:11+0700,-,-,-,"Micro Targeting A+",0,,,,1.508361,0,,,
2026-07-01,2026-07-31,"Aldi Taher",55-64,female,inactive,20139,reach,2304.08659814,50000,Daily,46402,33925,20139,Ongoing,"7-day click or 1-day view",0,ABSOLUTE_OCPM,2026-07-24T11:29:11+0700,-,-,-,"Micro Targeting A+",0.00143999,29,,,1.684542,0,29,,
2026-07-01,2026-07-31,"Aldi Taher",55-64,male,inactive,41711,reach,2499.65236988,50000,Daily,104263,76101,41711,Ongoing,"7-day click or 1-day view",0,ABSOLUTE_OCPM,2026-07-24T11:29:11+0700,-,-,-,"Micro Targeting A+",0.00117475,54,,,1.824483,0,54,,
2026-07-01,2026-07-31,"Aldi Taher",55-64,unknown,inactive,115,reach,2782.60869565,50000,Daily,320,233,115,Ongoing,"7-day click or 1-day view",0,ABSOLUTE_OCPM,2026-07-24T11:29:11+0700,-,-,-,"Micro Targeting A+",0,,,,2.026087,0,,,
2026-07-01,2026-07-31,"Aldi Taher",65+,female,inactive,8402,reach,2461.67579148,50000,Daily,20683,14923,8402,Ongoing,"7-day click or 1-day view",0,ABSOLUTE_OCPM,2026-07-24T11:29:11+0700,-,-,-,"Micro Targeting A+",0.00166627,15,,,1.776125,0,15,,
2026-07-01,2026-07-31,"Aldi Taher",65+,male,inactive,18845,reach,2470.8410719,50000,Daily,46563,33826,18845,Ongoing,"7-day click or 1-day view",0,ABSOLUTE_OCPM,2026-07-24T11:29:11+0700,-,-,-,"Micro Targeting A+",0.00111435,23,1,0.002956,1.794959,0,23,,
2026-07-01,2026-07-31,"Aldi Taher",65+,unknown,inactive,82,reach,2743.90243902,50000,Daily,225,159,82,Ongoing,"7-day click or 1-day view",0,ABSOLUTE_OCPM,2026-07-24T11:29:11+0700,-,-,-,"Micro Targeting A+",0,,,,1.939024,0,,,
2026-07-01,2026-07-31,"Aldi Taher",18-24,female,inactive,8095,reach,1263.74305127,30000,Daily,10230,8809,8095,Ongoing,"7-day click or 1-day view",0,ABSOLUTE_OCPM,2026-06-19T11:30:22+0700,-,-,-,"Micro Targeting A+",0.00012353,4,,,1.088203,0,4,,
2026-07-01,2026-07-31,"Aldi Taher",18-24,male,inactive,12941,reach,1476.47013368,30000,Daily,19107,14658,12941,Ongoing,"7-day click or 1-day view",0,ABSOLUTE_OCPM,2026-06-19T11:30:22+0700,-,-,-,"Micro Targeting A+",0.00015455,2,,,1.132679,0,2,,
2026-07-01,2026-07-31,"Aldi Taher",18-24,unknown,inactive,118,reach,1355.93220339,30000,Daily,160,129,118,Ongoing,"7-day click or 1-day view",0,ABSOLUTE_OCPM,2026-06-19T11:30:22+0700,-,-,-,"Micro Targeting A+",0,,,,1.09322,0,,,
2026-07-01,2026-07-31,"Aldi Taher",25-34,female,inactive,22992,reach,1159.18580376,30000,Daily,26652,24720,22992,Ongoing,"7-day click or 1-day view",0,ABSOLUTE_OCPM,2026-06-19T11:30:22+0700,-,-,-,"Micro Targeting A+",0.00013048,5,1,0.004045,1.075157,0,5,,
2026-07-01,2026-07-31,"Aldi Taher",25-34,male,inactive,51707,reach,1447.07679811,30000,Daily,74824,57463,51707,Ongoing,"7-day click or 1-day view",0,ABSOLUTE_OCPM,2026-06-19T11:30:22+0700,-,-,-,"Micro Targeting A+",0.00025142,16,2,0.003481,1.11132,0,16,,
2026-07-01,2026-07-31,"Aldi Taher",25-34,unknown,inactive,326,reach,1398.77300613,30000,Daily,456,368,326,Ongoing,"7-day click or 1-day view",0,ABSOLUTE_OCPM,2026-06-19T11:30:22+0700,-,-,-,"Micro Targeting A+",0,,,,1.128834,0,,,
2026-07-01,2026-07-31,"Aldi Taher",35-44,female,inactive,17673,reach,1358.00373451,30000,Daily,24000,19644,17673,Ongoing,"7-day click or 1-day view",0,ABSOLUTE_OCPM,2026-06-19T11:30:22+0700,-,-,-,"Micro Targeting A+",0.00022633,6,2,0.010181,1.111526,0,6,,
2026-07-01,2026-07-31,"Aldi Taher",35-44,male,inactive,51596,reach,1484.12667649,30000,Daily,76575,57131,51596,Ongoing,"7-day click or 1-day view",0,ABSOLUTE_OCPM,2026-06-19T11:30:22+0700,-,-,-,"Micro Targeting A+",0.00017443,13,2,0.003501,1.107276,0,13,,
2026-07-01,2026-07-31,"Aldi Taher",35-44,unknown,inactive,219,reach,1447.48858447,30000,Daily,317,244,219,Ongoing,"7-day click or 1-day view",0,ABSOLUTE_OCPM,2026-06-19T11:30:22+0700,-,-,-,"Micro Targeting A+",0,,,,1.114155,0,,,
2026-07-01,2026-07-31,"Aldi Taher",45-54,female,inactive,19280,reach,1454.82365145,30000,Daily,28049,21394,19280,Ongoing,"7-day click or 1-day view",0,ABSOLUTE_OCPM,2026-06-19T11:30:22+0700,-,-,-,"Micro Targeting A+",0.00057054,12,,,1.109647,0,12,,
2026-07-01,2026-07-31,"Aldi Taher",45-54,male,inactive,46061,reach,1531.1217733,30000,Daily,70525,52185,46061,Ongoing,"7-day click or 1-day view",0,ABSOLUTE_OCPM,2026-06-19T11:30:22+0700,-,-,-,"Micro Targeting A+",0.0004125,23,1,0.001916,1.132954,0,23,,
2026-07-01,2026-07-31,"Aldi Taher",45-54,unknown,inactive,168,reach,1488.0952381,30000,Daily,250,191,168,Ongoing,"7-day click or 1-day view",0,ABSOLUTE_OCPM,2026-06-19T11:30:22+0700,-,-,-,"Micro Targeting A+",0,,,,1.136905,0,,,
2026-07-01,2026-07-31,"Aldi Taher",55-64,female,inactive,9401,reach,1502.39336241,30000,Daily,14124,10545,9401,Ongoing,"7-day click or 1-day view",0,ABSOLUTE_OCPM,2026-06-19T11:30:22+0700,-,-,-,"Micro Targeting A+",0.00053186,6,,,1.121689,0,6,,
2026-07-01,2026-07-31,"Aldi Taher",55-64,male,inactive,23261,reach,1606.42276772,30000,Daily,37367,27653,23261,Ongoing,"7-day click or 1-day view",0,ABSOLUTE_OCPM,2026-06-19T11:30:22+0700,-,-,-,"Micro Targeting A+",0.00068785,18,,,1.188814,0,18,,
2026-07-01,2026-07-31,"Aldi Taher",55-64,unknown,inactive,69,reach,1840.57971014,30000,Daily,127,86,69,Ongoing,"7-day click or 1-day view",0,ABSOLUTE_OCPM,2026-06-19T11:30:22+0700,-,-,-,"Micro Targeting A+",0,,,,1.246377,0,,,
2026-07-01,2026-07-31,"Aldi Taher",65+,female,inactive,4549,reach,1532.20488019,30000,Daily,6970,5204,4549,Ongoing,"7-day click or 1-day view",0,ABSOLUTE_OCPM,2026-06-19T11:30:22+0700,-,-,-,"Micro Targeting A+",0.00065949,3,,,1.143988,0,3,,
2026-07-01,2026-07-31,"Aldi Taher",65+,male,inactive,11221,reach,1537.29614116,30000,Daily,17250,12691,11221,Ongoing,"7-day click or 1-day view",0,ABSOLUTE_OCPM,2026-06-19T11:30:22+0700,-,-,-,"Micro Targeting A+",0.00035647,4,,,1.131004,0,4,,
2026-07-01,2026-07-31,"Aldi Taher",65+,unknown,inactive,49,reach,1693.87755102,30000,Daily,83,61,49,Ongoing,"7-day click or 1-day view",0,ABSOLUTE_OCPM,2026-06-19T11:30:22+0700,-,-,-,"Micro Targeting A+",0,,,,1.244898,0,,,
2026-07-01,2026-07-31,"Aldi Taher",18-24,female,inactive,5,actions:post_interaction_gross,86,30000,Daily,430,31,27,Ongoing,"7-day click or 1-day view",60,ABSOLUTE_OCPM,2026-06-25T10:29:26+0700,-,-,-,"Micro Targeting A+",0.18518519,5,,,1.148148,0,5,,
2026-07-01,2026-07-31,"Aldi Taher",18-24,male,inactive,7,actions:post_interaction_gross,58.85714286,30000,Daily,412,31,27,Ongoing,"7-day click or 1-day view",60,ABSOLUTE_OCPM,2026-06-25T10:29:26+0700,-,-,-,"Micro Targeting A+",0.25925926,7,,,1.148148,0,7,,
2026-07-01,2026-07-31,"Aldi Taher",25-34,female,inactive,16,actions:post_interaction_gross,77.875,30000,Daily,1246,75,69,Ongoing,"7-day click or 1-day view",60,ABSOLUTE_OCPM,2026-06-25T10:29:26+0700,-,-,-,"Micro Targeting A+",0.2173913,16,,,1.086957,0,16,,
2026-07-01,2026-07-31,"Aldi Taher",25-34,male,inactive,29,actions:post_interaction_gross,64.31034483,30000,Daily,1865,120,102,Ongoing,"7-day click or 1-day view",60,ABSOLUTE_OCPM,2026-06-25T10:29:26+0700,-,-,-,"Micro Targeting A+",0.2745098,29,,,1.176471,0,29,,
2026-07-01,2026-07-31,"Aldi Taher",25-34,unknown,inactive,1,actions:post_interaction_gross,63,30000,Daily,63,4,3,Ongoing,"7-day click or 1-day view",60,ABSOLUTE_OCPM,2026-06-25T10:29:26+0700,-,-,-,"Micro Targeting A+",0.33333333,1,,,1.333333,0,1,,
2026-07-01,2026-07-31,"Aldi Taher",35-44,female,inactive,7,actions:post_interaction_gross,70.42857143,30000,Daily,493,24,24,Ongoing,"7-day click or 1-day view",60,ABSOLUTE_OCPM,2026-06-25T10:29:26+0700,-,-,-,"Micro Targeting A+",0.25,7,,,1,0,7,,
2026-07-01,2026-07-31,"Aldi Taher",35-44,male,inactive,13,actions:post_interaction_gross,62.76923077,30000,Daily,816,41,38,Ongoing,"7-day click or 1-day view",60,ABSOLUTE_OCPM,2026-06-25T10:29:26+0700,-,-,-,"Micro Targeting A+",0.31578947,13,,,1.078947,0,13,,
2026-07-01,2026-07-31,"Aldi Taher",45-54,female,inactive,4,actions:post_interaction_gross,123.25,30000,Daily,493,18,15,Ongoing,"7-day click or 1-day view",60,ABSOLUTE_OCPM,2026-06-25T10:29:26+0700,-,-,-,"Micro Targeting A+",0.26666667,4,,,1.2,0,4,,
2026-07-01,2026-07-31,"Aldi Taher",45-54,male,inactive,8,actions:post_interaction_gross,60.125,30000,Daily,481,23,15,Ongoing,"7-day click or 1-day view",60,ABSOLUTE_OCPM,2026-06-25T10:29:26+0700,-,-,-,"Micro Targeting A+",0.53333333,8,,,1.533333,0,8,,
2026-07-01,2026-07-31,"Aldi Taher",55-64,female,inactive,1,actions:post_interaction_gross,88,30000,Daily,88,5,5,Ongoing,"7-day click or 1-day view",60,ABSOLUTE_OCPM,2026-06-25T10:29:26+0700,-,-,-,"Micro Targeting A+",0.2,1,,,1,0,1,,
2026-07-01,2026-07-31,"Aldi Taher",55-64,male,inactive,5,actions:post_interaction_gross,49,30000,Daily,245,10,5,Ongoing,"7-day click or 1-day view",60,ABSOLUTE_OCPM,2026-06-25T10:29:26+0700,-,-,-,"Micro Targeting A+",0.8,5,,,2,0,5,,
2026-07-01,2026-07-31,"Aldi Taher",65+,female,inactive,,,,30000,Daily,42,4,4,Ongoing,"7-day click or 1-day view",60,ABSOLUTE_OCPM,2026-06-25T10:29:26+0700,-,-,-,"Micro Targeting A+",0,,,,1,0,,,
2026-07-01,2026-07-31,"Aldi Taher",65+,male,inactive,2,actions:post_interaction_gross,58.5,30000,Daily,117,6,6,Ongoing,"7-day click or 1-day view",60,ABSOLUTE_OCPM,2026-06-25T10:29:26+0700,-,-,-,"Micro Targeting A+",0.33333333,2,,,1,0,2,,
2026-07-01,2026-07-31,"Dengar Notif WhatsApp",18-24,female,not_delivering,3189,reach,1694.57510191,50000,Daily,5404,3618,3189,Ongoing,"7-day click or 1-day view",0,ABSOLUTE_OCPM,2026-07-24T11:29:11+0700,-,-,-,"Micro Targeting A+",0.00031358,118,,,1.134525,0,118,,
2026-07-01,2026-07-31,"Dengar Notif WhatsApp",18-24,male,not_delivering,5275,reach,1662.74881517,50000,Daily,8771,5940,5275,Ongoing,"7-day click or 1-day view",0,ABSOLUTE_OCPM,2026-07-24T11:29:11+0700,-,-,-,"Micro Targeting A+",0.00018957,226,,,1.126066,0,226,,
2026-07-01,2026-07-31,"Dengar Notif WhatsApp",18-24,unknown,not_delivering,33,reach,1818.18181818,50000,Daily,60,40,33,Ongoing,"7-day click or 1-day view",0,ABSOLUTE_OCPM,2026-07-24T11:29:11+0700,-,-,-,"Micro Targeting A+",0,,,,1.212121,0,,,
2026-07-01,2026-07-31,"Dengar Notif WhatsApp",25-34,female,not_delivering,2390,reach,1666.52719665,50000,Daily,3983,2667,2390,Ongoing,"7-day click or 1-day view",0,ABSOLUTE_OCPM,2026-07-24T11:29:11+0700,-,-,-,"Micro Targeting A+",0.00041841,114,,,1.1159,0,114,,
2026-07-01,2026-07-31,"Dengar Notif WhatsApp",25-34,male,not_delivering,8083,reach,1645.05752815,50000,Daily,13297,9009,8083,Ongoing,"7-day click or 1-day view",0,ABSOLUTE_OCPM,2026-07-24T11:29:11+0700,-,-,-,"Micro Targeting A+",0.00037115,448,,,1.114561,0,448,,
2026-07-01,2026-07-31,"Dengar Notif WhatsApp",25-34,unknown,not_delivering,70,reach,1614.28571429,50000,Daily,113,75,70,Ongoing,"7-day click or 1-day view",0,ABSOLUTE_OCPM,2026-07-24T11:29:11+0700,-,-,-,"Micro Targeting A+",0,1,,,1.071429,0,1,,
2026-07-01,2026-07-31,"Dengar Notif WhatsApp",35-44,female,not_delivering,1016,reach,1697.83464567,50000,Daily,1725,1190,1016,Ongoing,"7-day click or 1-day view",0,ABSOLUTE_OCPM,2026-07-24T11:29:11+0700,-,-,-,"Micro Targeting A+",0,66,,,1.17126,0,66,,
2026-07-01,2026-07-31,"Dengar Notif WhatsApp",35-44,male,not_delivering,2983,reach,1654.71002347,50000,Daily,4936,3376,2983,Ongoing,"7-day click or 1-day view",0,ABSOLUTE_OCPM,2026-07-24T11:29:11+0700,-,-,-,"Micro Targeting A+",0,240,,,1.131747,0,240,,
2026-07-01,2026-07-31,"Dengar Notif WhatsApp",35-44,unknown,not_delivering,12,reach,1916.66666667,50000,Daily,23,15,12,Ongoing,"7-day click or 1-day view",0,ABSOLUTE_OCPM,2026-07-24T11:29:11+0700,-,-,-,"Micro Targeting A+",0,,,,1.25,0,,,
2026-07-01,2026-07-31,"Dengar Notif WhatsApp",45-54,female,not_delivering,1351,reach,1741.67283494,50000,Daily,2353,1589,1351,Ongoing,"7-day click or 1-day view",0,ABSOLUTE_OCPM,2026-07-24T11:29:11+0700,-,-,-,"Micro Targeting A+",0,104,,,1.176166,0,104,,
2026-07-01,2026-07-31,"Dengar Notif WhatsApp",45-54,male,not_delivering,2094,reach,1745.94078319,50000,Daily,3656,2452,2094,Ongoing,"7-day click or 1-day view",0,ABSOLUTE_OCPM,2026-07-24T11:29:11+0700,-,-,-,"Micro Targeting A+",0,209,,,1.170965,0,209,,
2026-07-01,2026-07-31,"Dengar Notif WhatsApp",45-54,unknown,not_delivering,13,reach,1538.46153846,50000,Daily,20,14,13,Ongoing,"7-day click or 1-day view",0,ABSOLUTE_OCPM,2026-07-24T11:29:11+0700,-,-,-,"Micro Targeting A+",0,1,,,1.076923,0,1,,
2026-07-01,2026-07-31,"Dengar Notif WhatsApp",55-64,female,not_delivering,645,reach,1753.48837209,50000,Daily,1131,766,645,Ongoing,"7-day click or 1-day view",0,ABSOLUTE_OCPM,2026-07-24T11:29:11+0700,-,-,-,"Micro Targeting A+",0,60,,,1.187597,0,60,,
2026-07-01,2026-07-31,"Dengar Notif WhatsApp",55-64,male,not_delivering,993,reach,1720.04028197,50000,Daily,1708,1163,993,Ongoing,"7-day click or 1-day view",0,ABSOLUTE_OCPM,2026-07-24T11:29:11+0700,-,-,-,"Micro Targeting A+",0,103,,,1.171198,0,103,,
2026-07-01,2026-07-31,"Dengar Notif WhatsApp",55-64,unknown,not_delivering,6,reach,1166.66666667,50000,Daily,7,7,6,Ongoing,"7-day click or 1-day view",0,ABSOLUTE_OCPM,2026-07-24T11:29:11+0700,-,-,-,"Micro Targeting A+",0,1,,,1.166667,0,1,,
2026-07-01,2026-07-31,"Dengar Notif WhatsApp",65+,female,not_delivering,756,reach,1728.83597884,50000,Daily,1307,898,756,Ongoing,"7-day click or 1-day view",0,ABSOLUTE_OCPM,2026-07-24T11:29:11+0700,-,-,-,"Micro Targeting A+",0.00132275,39,,,1.187831,0,39,,
2026-07-01,2026-07-31,"Dengar Notif WhatsApp",65+,male,not_delivering,1282,reach,1741.80967239,50000,Daily,2233,1496,1282,Ongoing,"7-day click or 1-day view",0,ABSOLUTE_OCPM,2026-07-24T11:29:11+0700,-,-,-,"Micro Targeting A+",0.00078003,110,,,1.166927,0,110,,
2026-07-01,2026-07-31,"Dengar Notif WhatsApp",65+,unknown,not_delivering,15,reach,1800,50000,Daily,27,16,15,Ongoing,"7-day click or 1-day view",0,ABSOLUTE_OCPM,2026-07-24T11:29:11+0700,-,-,-,"Micro Targeting A+",0,1,,,1.066667,0,1,,
2026-07-01,2026-07-31,"Mau Healing",18-24,female,not_delivering,15061,reach,1953.9207224,50000,Daily,29428,20055,15061,Ongoing,"7-day click or 1-day view",0,ABSOLUTE_OCPM,2026-07-24T11:29:11+0700,-,-,-,"Micro Targeting A+",0.00026559,428,,,1.331585,0,428,,
2026-07-01,2026-07-31,"Mau Healing",18-24,male,not_delivering,38266,reach,2057.15256363,50000,Daily,78719,53522,38266,Ongoing,"7-day click or 1-day view",0,ABSOLUTE_OCPM,2026-07-24T11:29:11+0700,-,-,-,"Micro Targeting A+",0.00036586,1459,,,1.398683,0,1459,,
2026-07-01,2026-07-31,"Mau Healing",18-24,unknown,not_delivering,214,reach,2102.80373832,50000,Daily,450,308,214,Ongoing,"7-day click or 1-day view",0,ABSOLUTE_OCPM,2026-07-24T11:29:11+0700,-,-,-,"Micro Targeting A+",0,4,,,1.439252,0,4,,
2026-07-01,2026-07-31,"Mau Healing",25-34,female,not_delivering,10363,reach,1816.65540867,50000,Daily,18826,12791,10363,Ongoing,"7-day click or 1-day view",0,ABSOLUTE_OCPM,2026-07-24T11:29:11+0700,-,-,-,"Micro Targeting A+",9.65E-5,331,,,1.234295,0,331,,
2026-07-01,2026-07-31,"Mau Healing",25-34,male,not_delivering,57112,reach,1976.09959378,50000,Daily,112859,76878,57112,Ongoing,"7-day click or 1-day view",0,ABSOLUTE_OCPM,2026-07-24T11:29:11+0700,-,-,-,"Micro Targeting A+",0.00021011,2527,,,1.346092,0,2527,,
2026-07-01,2026-07-31,"Mau Healing",25-34,unknown,not_delivering,357,reach,2036.41456583,50000,Daily,727,499,357,Ongoing,"7-day click or 1-day view",0,ABSOLUTE_OCPM,2026-07-24T11:29:11+0700,-,-,-,"Micro Targeting A+",0,14,,,1.397759,0,14,,
2026-07-01,2026-07-31,"Mau Healing",35-44,female,not_delivering,4280,reach,1949.76635514,50000,Daily,8345,5733,4280,Ongoing,"7-day click or 1-day view",0,ABSOLUTE_OCPM,2026-07-24T11:29:11+0700,-,-,-,"Micro Targeting A+",0.00023364,275,,,1.339486,0,275,,
2026-07-01,2026-07-31,"Mau Healing",35-44,male,not_delivering,17013,reach,2065.30300359,50000,Daily,35137,24002,17013,Ongoing,"7-day click or 1-day view",0,ABSOLUTE_OCPM,2026-07-24T11:29:11+0700,-,-,-,"Micro Targeting A+",0.00029389,1411,,,1.410804,0,1411,,
2026-07-01,2026-07-31,"Mau Healing",35-44,unknown,not_delivering,99,reach,1909.09090909,50000,Daily,189,130,99,Ongoing,"7-day click or 1-day view",0,ABSOLUTE_OCPM,2026-07-24T11:29:11+0700,-,-,-,"Micro Targeting A+",0,9,,,1.313131,0,9,,
2026-07-01,2026-07-31,"Mau Healing",45-54,female,not_delivering,7137,reach,2091.9153706,50000,Daily,14930,10177,7137,Ongoing,"7-day click or 1-day view",0,ABSOLUTE_OCPM,2026-07-24T11:29:11+0700,-,-,-,"Micro Targeting A+",0.00014011,607,,,1.425949,0,607,,
2026-07-01,2026-07-31,"Mau Healing",45-54,male,not_delivering,11311,reach,2139.15657325,50000,Daily,24196,16460,11311,Ongoing,"7-day click or 1-day view",0,ABSOLUTE_OCPM,2026-07-24T11:29:11+0700,-,-,-,"Micro Targeting A+",0.00017682,1245,,,1.455221,0,1245,,
2026-07-01,2026-07-31,"Mau Healing",45-54,unknown,not_delivering,87,reach,2114.94252874,50000,Daily,184,122,87,Ongoing,"7-day click or 1-day view",0,ABSOLUTE_OCPM,2026-07-24T11:29:11+0700,-,-,-,"Micro Targeting A+",0,11,,,1.402299,0,11,,
2026-07-01,2026-07-31,"Mau Healing",55-64,female,not_delivering,3759,reach,2167.59776536,50000,Daily,8148,5575,3759,Ongoing,"7-day click or 1-day view",0,ABSOLUTE_OCPM,2026-07-24T11:29:11+0700,-,-,-,"Micro Targeting A+",0.00026603,413,,,1.483107,0,413,,
2026-07-01,2026-07-31,"Mau Healing",55-64,male,not_delivering,4930,reach,2258.82352941,50000,Daily,11136,7657,4930,Ongoing,"7-day click or 1-day view",0,ABSOLUTE_OCPM,2026-07-24T11:29:11+0700,-,-,-,"Micro Targeting A+",0.00060852,562,,,1.553144,0,562,,
2026-07-01,2026-07-31,"Mau Healing",55-64,unknown,not_delivering,37,reach,1918.91891892,50000,Daily,71,50,37,Ongoing,"7-day click or 1-day view",0,ABSOLUTE_OCPM,2026-07-24T11:29:11+0700,-,-,-,"Micro Targeting A+",0,2,,,1.351351,0,2,,
2026-07-01,2026-07-31,"Mau Healing",65+,female,not_delivering,4095,reach,2279.36507937,50000,Daily,9334,6395,4095,Ongoing,"7-day click or 1-day view",0,ABSOLUTE_OCPM,2026-07-24T11:29:11+0700,-,-,-,"Micro Targeting A+",0.0002442,244,,,1.561661,0,244,,
2026-07-01,2026-07-31,"Mau Healing",65+,male,not_delivering,8401,reach,2298.65492203,50000,Daily,19311,13199,8401,Ongoing,"7-day click or 1-day view",0,ABSOLUTE_OCPM,2026-07-24T11:29:11+0700,-,-,-,"Micro Targeting A+",0.0003571,619,,,1.571122,0,619,,
2026-07-01,2026-07-31,"Mau Healing",65+,unknown,not_delivering,63,reach,2682.53968254,50000,Daily,169,118,63,Ongoing,"7-day click or 1-day view",0,ABSOLUTE_OCPM,2026-07-24T11:29:11+0700,-,-,-,"Micro Targeting A+",0,10,,,1.873016,0,10,,
2026-07-01,2026-07-31,"Mau Healing",Unknown,female,not_delivering,4,reach,1500,50000,Daily,6,4,4,Ongoing,"7-day click or 1-day view",0,ABSOLUTE_OCPM,2026-07-24T11:29:11+0700,-,-,-,"Micro Targeting A+",0,,,,1,0,,,
2026-07-01,2026-07-31,"Mau Healing",Unknown,male,not_delivering,7,reach,1571.42857143,50000,Daily,11,7,7,Ongoing,"7-day click or 1-day view",0,ABSOLUTE_OCPM,2026-07-24T11:29:11+0700,-,-,-,"Micro Targeting A+",0,1,,,1,0,1,,
2026-07-01,2026-07-31,"Pulang Tenggo",18-24,female,not_delivering,1584,reach,1582.7020202,50000,Daily,2507,1697,1584,Ongoing,"7-day click or 1-day view",0,ABSOLUTE_OCPM,2026-07-24T11:29:11+0700,-,-,-,"Micro Targeting A+",0,39,,,1.071338,0,39,,
2026-07-01,2026-07-31,"Pulang Tenggo",18-24,male,not_delivering,3625,reach,1585.37931034,50000,Daily,5747,3915,3625,Ongoing,"7-day click or 1-day view",0,ABSOLUTE_OCPM,2026-07-24T11:29:11+0700,-,-,-,"Micro Targeting A+",0,98,,,1.08,0,98,,
2026-07-01,2026-07-31,"Pulang Tenggo",18-24,unknown,not_delivering,23,reach,1478.26086957,50000,Daily,34,26,23,Ongoing,"7-day click or 1-day view",0,ABSOLUTE_OCPM,2026-07-24T11:29:11+0700,-,-,-,"Micro Targeting A+",0,1,,,1.130435,0,1,,
2026-07-01,2026-07-31,"Pulang Tenggo",25-34,female,not_delivering,1209,reach,1550.04135649,50000,Daily,1874,1281,1209,Ongoing,"7-day click or 1-day view",0,ABSOLUTE_OCPM,2026-07-24T11:29:11+0700,-,-,-,"Micro Targeting A+",0,20,,,1.059553,0,20,,
2026-07-01,2026-07-31,"Pulang Tenggo",25-34,male,not_delivering,5618,reach,1591.49163403,50000,Daily,8941,6072,5618,Ongoing,"7-day click or 1-day view",0,ABSOLUTE_OCPM,2026-07-24T11:29:11+0700,-,-,-,"Micro Targeting A+",0.000178,187,,,1.080812,0,187,,
2026-07-01,2026-07-31,"Pulang Tenggo",25-34,unknown,not_delivering,40,reach,1425,50000,Daily,57,44,40,Ongoing,"7-day click or 1-day view",0,ABSOLUTE_OCPM,2026-07-24T11:29:11+0700,-,-,-,"Micro Targeting A+",0,,,,1.1,0,,,
2026-07-01,2026-07-31,"Pulang Tenggo",35-44,female,not_delivering,521,reach,1596.92898273,50000,Daily,832,564,521,Ongoing,"7-day click or 1-day view",0,ABSOLUTE_OCPM,2026-07-24T11:29:11+0700,-,-,-,"Micro Targeting A+",0,25,,,1.082534,0,25,,
2026-07-01,2026-07-31,"Pulang Tenggo",35-44,male,not_delivering,1760,reach,1621.59090909,50000,Daily,2854,1956,1760,Ongoing,"7-day click or 1-day view",0,ABSOLUTE_OCPM,2026-07-24T11:29:11+0700,-,-,-,"Micro Targeting A+",0,100,,,1.111364,0,100,,
2026-07-01,2026-07-31,"Pulang Tenggo",35-44,unknown,not_delivering,11,reach,1909.09090909,50000,Daily,21,13,11,Ongoing,"7-day click or 1-day view",0,ABSOLUTE_OCPM,2026-07-24T11:29:11+0700,-,-,-,"Micro Targeting A+",0,,,,1.181818,0,,,
2026-07-01,2026-07-31,"Pulang Tenggo",45-54,female,not_delivering,804,reach,1565.92039801,50000,Daily,1259,867,804,Ongoing,"7-day click or 1-day view",0,ABSOLUTE_OCPM,2026-07-24T11:29:11+0700,-,-,-,"Micro Targeting A+",0,43,,,1.078358,0,43,,
2026-07-01,2026-07-31,"Pulang Tenggo",45-54,male,not_delivering,1147,reach,1622.4934612,50000,Daily,1861,1294,1147,Ongoing,"7-day click or 1-day view",0,ABSOLUTE_OCPM,2026-07-24T11:29:11+0700,-,-,-,"Micro Targeting A+",0.00087184,85,,,1.12816,0,85,,
2026-07-01,2026-07-31,"Pulang Tenggo",45-54,unknown,not_delivering,7,reach,1428.57142857,50000,Daily,10,8,7,Ongoing,"7-day click or 1-day view",0,ABSOLUTE_OCPM,2026-07-24T11:29:11+0700,-,-,-,"Micro Targeting A+",0,,,,1.142857,0,,,
2026-07-01,2026-07-31,"Pulang Tenggo",55-64,female,not_delivering,366,reach,1653.00546448,50000,Daily,605,419,366,Ongoing,"7-day click or 1-day view",0,ABSOLUTE_OCPM,2026-07-24T11:29:11+0700,-,-,-,"Micro Targeting A+",0,18,,,1.144809,0,18,,
2026-07-01,2026-07-31,"Pulang Tenggo",55-64,male,not_delivering,540,reach,1631.48148148,50000,Daily,881,591,540,Ongoing,"7-day click or 1-day view",0,ABSOLUTE_OCPM,2026-07-24T11:29:11+0700,-,-,-,"Micro Targeting A+",0,39,,,1.094444,0,39,,
2026-07-01,2026-07-31,"Pulang Tenggo",55-64,unknown,not_delivering,1,reach,2000,50000,Daily,2,1,1,Ongoing,"7-day click or 1-day view",0,ABSOLUTE_OCPM,2026-07-24T11:29:11+0700,-,-,-,"Micro Targeting A+",0,,,,1,0,,,
2026-07-01,2026-07-31,"Pulang Tenggo",65+,female,not_delivering,488,reach,1565.57377049,50000,Daily,764,527,488,Ongoing,"7-day click or 1-day view",0,ABSOLUTE_OCPM,2026-07-24T11:29:11+0700,-,-,-,"Micro Targeting A+",0,8,,,1.079918,0,8,,
2026-07-01,2026-07-31,"Pulang Tenggo",65+,male,not_delivering,969,reach,1664.60268318,50000,Daily,1613,1088,969,Ongoing,"7-day click or 1-day view",0,ABSOLUTE_OCPM,2026-07-24T11:29:11+0700,-,-,-,"Micro Targeting A+",0,40,,,1.122807,0,40,,
2026-07-01,2026-07-31,"Pulang Tenggo",65+,unknown,not_delivering,9,reach,2111.11111111,50000,Daily,19,13,9,Ongoing,"7-day click or 1-day view",0,ABSOLUTE_OCPM,2026-07-24T11:29:11+0700,-,-,-,"Micro Targeting A+",0,,,,1.444444,0,,,
2026-07-01,2026-07-31,"Dengar Notif WhatsApp",18-24,female,not_delivering,2,profile_visit_view,210,50000,Daily,420,37,36,Ongoing,"1-day click",0,ABSOLUTE_OCPM,2026-07-24T11:35:26+0700,-,-,-,"Micro Targeting A+",0,9,2,5.405405,1.027778,0,9,,
2026-07-01,2026-07-31,"Dengar Notif WhatsApp",18-24,male,not_delivering,2,profile_visit_view,520,50000,Daily,1040,69,61,Ongoing,"1-day click",0,ABSOLUTE_OCPM,2026-07-24T11:35:26+0700,-,-,-,"Micro Targeting A+",0.01639344,10,2,2.898551,1.131148,0,10,,
2026-07-01,2026-07-31,"Dengar Notif WhatsApp",18-24,unknown,not_delivering,,,,50000,Daily,4,1,1,Ongoing,"1-day click",0,ABSOLUTE_OCPM,2026-07-24T11:35:26+0700,-,-,-,"Micro Targeting A+",0,,,,1,0,,,
2026-07-01,2026-07-31,"Dengar Notif WhatsApp",25-34,female,not_delivering,5,profile_visit_view,228.6,50000,Daily,1143,85,72,Ongoing,"1-day click",0,ABSOLUTE_OCPM,2026-07-24T11:35:26+0700,-,-,-,"Micro Targeting A+",0,29,6,7.058824,1.180556,0,29,,
2026-07-01,2026-07-31,"Dengar Notif WhatsApp",25-34,male,not_delivering,7,profile_visit_view,407.71428571,50000,Daily,2854,241,218,Ongoing,"1-day click",0,ABSOLUTE_OCPM,2026-07-24T11:35:26+0700,-,-,-,"Micro Targeting A+",0.00458716,63,7,2.904564,1.105505,0,63,,
2026-07-01,2026-07-31,"Dengar Notif WhatsApp",25-34,unknown,not_delivering,,,,50000,Daily,12,1,1,Ongoing,"1-day click",0,ABSOLUTE_OCPM,2026-07-24T11:35:26+0700,-,-,-,"Micro Targeting A+",0,,,,1,0,,,
2026-07-01,2026-07-31,"Dengar Notif WhatsApp",35-44,female,not_delivering,,,,50000,Daily,167,21,19,Ongoing,"1-day click",0,ABSOLUTE_OCPM,2026-07-24T11:35:26+0700,-,-,-,"Micro Targeting A+",0,4,,,1.105263,0,4,,
2026-07-01,2026-07-31,"Dengar Notif WhatsApp",35-44,male,not_delivering,2,profile_visit_view,806.5,50000,Daily,1613,102,94,Ongoing,"1-day click",0,ABSOLUTE_OCPM,2026-07-24T11:35:26+0700,-,-,-,"Micro Targeting A+",0,38,2,1.960784,1.085106,0,38,,
2026-07-01,2026-07-31,"Dengar Notif WhatsApp",45-54,female,not_delivering,2,profile_visit_view,299.5,50000,Daily,599,14,13,Ongoing,"1-day click",0,ABSOLUTE_OCPM,2026-07-24T11:35:26+0700,-,-,-,"Micro Targeting A+",0,11,2,14.285714,1.076923,0,11,,
2026-07-01,2026-07-31,"Dengar Notif WhatsApp",45-54,male,not_delivering,,,,50000,Daily,1049,23,22,Ongoing,"1-day click",0,ABSOLUTE_OCPM,2026-07-24T11:35:26+0700,-,-,-,"Micro Targeting A+",0,12,,,1.045455,0,12,,
2026-07-01,2026-07-31,"Dengar Notif WhatsApp",55-64,female,not_delivering,2,profile_visit_view,107.5,50000,Daily,215,7,7,Ongoing,"1-day click",0,ABSOLUTE_OCPM,2026-07-24T11:35:26+0700,-,-,-,"Micro Targeting A+",0,5,2,28.571429,1,0,5,,
2026-07-01,2026-07-31,"Dengar Notif WhatsApp",55-64,male,not_delivering,2,profile_visit_view,73,50000,Daily,146,7,6,Ongoing,"1-day click",0,ABSOLUTE_OCPM,2026-07-24T11:35:26+0700,-,-,-,"Micro Targeting A+",0,5,2,28.571429,1.166667,0,5,,
2026-07-01,2026-07-31,"Dengar Notif WhatsApp",65+,female,not_delivering,,,,50000,Daily,9,3,3,Ongoing,"1-day click",0,ABSOLUTE_OCPM,2026-07-24T11:35:26+0700,-,-,-,"Micro Targeting A+",0,1,,,1,0,1,,
2026-07-01,2026-07-31,"Dengar Notif WhatsApp",65+,male,not_delivering,,,,50000,Daily,7,1,1,Ongoing,"1-day click",0,ABSOLUTE_OCPM,2026-07-24T11:35:26+0700,-,-,-,"Micro Targeting A+",0,,,,1,0,,,
2026-07-01,2026-07-31,"Dengar Notif WhatsApp",Unknown,unknown,not_delivering,1,profile_visit_view,0,50000,Daily,0,0,0,Ongoing,"1-day click",0,ABSOLUTE_OCPM,2026-07-24T11:35:26+0700,-,-,-,"Micro Targeting A+",,,,,0,0,,,
2026-07-01,2026-07-31,"Mau Healing",18-24,female,not_delivering,,,,50000,Daily,160,14,14,Ongoing,"1-day click",0,ABSOLUTE_OCPM,2026-07-24T11:35:26+0700,-,-,-,"Micro Targeting A+",0,2,,,1,0,2,,
2026-07-01,2026-07-31,"Mau Healing",18-24,male,not_delivering,2,profile_visit_view,206.5,50000,Daily,413,44,39,Ongoing,"1-day click",0,ABSOLUTE_OCPM,2026-07-24T11:35:26+0700,-,-,-,"Micro Targeting A+",0,8,2,4.545455,1.128205,0,8,,
2026-07-01,2026-07-31,"Mau Healing",25-34,female,not_delivering,1,profile_visit_view,916,50000,Daily,916,69,62,Ongoing,"1-day click",0,ABSOLUTE_OCPM,2026-07-24T11:35:26+0700,-,-,-,"Micro Targeting A+",0,10,1,1.449275,1.112903,1,10,,
2026-07-01,2026-07-31,"Mau Healing",25-34,male,not_delivering,2,profile_visit_view,1232,50000,Daily,2464,188,170,Ongoing,"1-day click",0,ABSOLUTE_OCPM,2026-07-24T11:35:26+0700,-,-,-,"Micro Targeting A+",0,28,1,0.531915,1.105882,0,28,,
2026-07-01,2026-07-31,"Mau Healing",25-34,unknown,not_delivering,,,,50000,Daily,7,1,1,Ongoing,"1-day click",0,ABSOLUTE_OCPM,2026-07-24T11:35:26+0700,-,-,-,"Micro Targeting A+",0,1,,,1,0,1,,
2026-07-01,2026-07-31,"Mau Healing",35-44,female,not_delivering,1,profile_visit_view,448,50000,Daily,448,27,21,Ongoing,"1-day click",0,ABSOLUTE_OCPM,2026-07-24T11:35:26+0700,-,-,-,"Micro Targeting A+",0,7,,,1.285714,0,7,,
2026-07-01,2026-07-31,"Mau Healing",35-44,male,not_delivering,4,profile_visit_view,445,50000,Daily,1780,98,90,Ongoing,"1-day click",0,ABSOLUTE_OCPM,2026-07-24T11:35:26+0700,-,-,-,"Micro Targeting A+",0,37,4,4.081633,1.088889,1,37,,
2026-07-01,2026-07-31,"Mau Healing",35-44,unknown,not_delivering,,,,50000,Daily,35,1,1,Ongoing,"1-day click",0,ABSOLUTE_OCPM,2026-07-24T11:35:26+0700,-,-,-,"Micro Targeting A+",0,1,,,1,0,1,,
2026-07-01,2026-07-31,"Mau Healing",45-54,female,not_delivering,,,,50000,Daily,381,18,18,Ongoing,"1-day click",0,ABSOLUTE_OCPM,2026-07-24T11:35:26+0700,-,-,-,"Micro Targeting A+",0,9,,,1,0,9,,
2026-07-01,2026-07-31,"Mau Healing",45-54,male,not_delivering,1,profile_visit_view,2039,50000,Daily,2039,40,35,Ongoing,"1-day click",0,ABSOLUTE_OCPM,2026-07-24T11:35:26+0700,-,-,-,"Micro Targeting A+",0,25,1,2.5,1.142857,1,25,,
2026-07-01,2026-07-31,"Mau Healing",55-64,female,not_delivering,,,,50000,Daily,5,1,1,Ongoing,"1-day click",0,ABSOLUTE_OCPM,2026-07-24T11:35:26+0700,-,-,-,"Micro Targeting A+",0,1,,,1,0,1,,
2026-07-01,2026-07-31,"Mau Healing",55-64,male,not_delivering,,,,50000,Daily,329,3,3,Ongoing,"1-day click",0,ABSOLUTE_OCPM,2026-07-24T11:35:26+0700,-,-,-,"Micro Targeting A+",0,1,,,1,0,1,,
2026-07-01,2026-07-31,"Mau Healing",65+,female,not_delivering,,,,50000,Daily,101,2,2,Ongoing,"1-day click",0,ABSOLUTE_OCPM,2026-07-24T11:35:26+0700,-,-,-,"Micro Targeting A+",0,1,,,1,0,1,,
2026-07-01,2026-07-31,"Mau Healing",65+,male,not_delivering,,,,50000,Daily,30,2,2,Ongoing,"1-day click",0,ABSOLUTE_OCPM,2026-07-24T11:35:26+0700,-,-,-,"Micro Targeting A+",0,,,,1,0,,,
2026-07-01,2026-07-31,"Pulang Tenggo",18-24,female,not_delivering,8,profile_visit_view,465.125,50000,Daily,3721,304,248,Ongoing,"1-day click",0,ABSOLUTE_OCPM,2026-07-24T11:35:26+0700,-,-,-,"Micro Targeting A+",0.01209677,81,9,2.960526,1.225806,0,81,,
2026-07-01,2026-07-31,"Pulang Tenggo",18-24,male,not_delivering,15,profile_visit_view,216.73333333,50000,Daily,3251,254,208,Ongoing,"1-day click",0,ABSOLUTE_OCPM,2026-07-24T11:35:26+0700,-,-,-,"Micro Targeting A+",0.00961538,52,7,2.755906,1.221154,1,52,,
2026-07-01,2026-07-31,"Pulang Tenggo",18-24,unknown,not_delivering,,,,50000,Daily,14,3,3,Ongoing,"1-day click",0,ABSOLUTE_OCPM,2026-07-24T11:35:26+0700,-,-,-,"Micro Targeting A+",0,,,,1,0,,,
2026-07-01,2026-07-31,"Pulang Tenggo",25-34,female,not_delivering,62,profile_visit_view,340.53225806,50000,Daily,21113,1256,1107,Ongoing,"1-day click",0,ABSOLUTE_OCPM,2026-07-24T11:35:26+0700,-,-,-,"Micro Targeting A+",0.00090334,426,59,4.697452,1.134598,1,426,,
2026-07-01,2026-07-31,"Pulang Tenggo",25-34,male,not_delivering,17,profile_visit_view,794.64705882,50000,Daily,13509,1141,969,Ongoing,"1-day click",0,ABSOLUTE_OCPM,2026-07-24T11:35:26+0700,-,-,-,"Micro Targeting A+",0.00103199,257,19,1.665206,1.177503,0,257,,
2026-07-01,2026-07-31,"Pulang Tenggo",25-34,unknown,not_delivering,,,,50000,Daily,106,7,6,Ongoing,"1-day click",0,ABSOLUTE_OCPM,2026-07-24T11:35:26+0700,-,-,-,"Micro Targeting A+",0,4,,,1.166667,0,4,,
2026-07-01,2026-07-31,"Pulang Tenggo",35-44,female,not_delivering,154,profile_visit_view,367.19480519,50000,Daily,56548,2785,2588,Ongoing,"1-day click",0,ABSOLUTE_OCPM,2026-07-24T11:35:26+0700,-,-,-,"Micro Targeting A+",0.00193199,1375,165,5.924596,1.076121,2,1375,,
2026-07-01,2026-07-31,"Pulang Tenggo",35-44,male,not_delivering,55,profile_visit_view,395.96363636,50000,Daily,21778,1164,1056,Ongoing,"1-day click",0,ABSOLUTE_OCPM,2026-07-24T11:35:26+0700,-,-,-,"Micro Targeting A+",0.00568182,495,57,4.896907,1.102273,1,495,,
2026-07-01,2026-07-31,"Pulang Tenggo",35-44,unknown,not_delivering,,,,50000,Daily,199,15,12,Ongoing,"1-day click",0,ABSOLUTE_OCPM,2026-07-24T11:35:26+0700,-,-,-,"Micro Targeting A+",0,6,1,6.666667,1.25,0,6,,
2026-07-01,2026-07-31,"Pulang Tenggo",45-54,female,not_delivering,135,profile_visit_view,288.75555556,50000,Daily,38982,1793,1643,Ongoing,"1-day click",0,ABSOLUTE_OCPM,2026-07-24T11:35:26+0700,-,-,-,"Micro Targeting A+",0.00304321,1169,138,7.696598,1.091296,2,1169,,
2026-07-01,2026-07-31,"Pulang Tenggo",45-54,male,not_delivering,30,profile_visit_view,352.66666667,50000,Daily,10580,497,459,Ongoing,"1-day click",0,ABSOLUTE_OCPM,2026-07-24T11:35:26+0700,-,-,-,"Micro Targeting A+",0.00653595,289,30,6.036217,1.082789,1,289,,
2026-07-01,2026-07-31,"Pulang Tenggo",45-54,unknown,not_delivering,,,,50000,Daily,195,6,6,Ongoing,"1-day click",0,ABSOLUTE_OCPM,2026-07-24T11:35:26+0700,-,-,-,"Micro Targeting A+",0,3,,,1,0,3,,
2026-07-01,2026-07-31,"Pulang Tenggo",55-64,female,not_delivering,36,profile_visit_view,296.58333333,50000,Daily,10677,404,372,Ongoing,"1-day click",0,ABSOLUTE_OCPM,2026-07-24T11:35:26+0700,-,-,-,"Micro Targeting A+",0.00537634,337,36,8.910891,1.086022,0,337,,
2026-07-01,2026-07-31,"Pulang Tenggo",55-64,male,not_delivering,8,profile_visit_view,247.625,50000,Daily,1981,88,76,Ongoing,"1-day click",0,ABSOLUTE_OCPM,2026-07-24T11:35:26+0700,-,-,-,"Micro Targeting A+",0,66,8,9.090909,1.157895,0,66,,
2026-07-01,2026-07-31,"Pulang Tenggo",65+,female,not_delivering,9,profile_visit_view,288.22222222,50000,Daily,2594,105,97,Ongoing,"1-day click",0,ABSOLUTE_OCPM,2026-07-24T11:35:26+0700,-,-,-,"Micro Targeting A+",0,77,10,9.52381,1.082474,0,77,,
2026-07-01,2026-07-31,"Pulang Tenggo",65+,male,not_delivering,3,profile_visit_view,287.33333333,50000,Daily,862,43,38,Ongoing,"1-day click",0,ABSOLUTE_OCPM,2026-07-24T11:35:26+0700,-,-,-,"Micro Targeting A+",0.02631579,25,3,6.976744,1.131579,0,25,,
2026-07-01,2026-07-31,"Pulang Tenggo",Unknown,unknown,not_delivering,5,profile_visit_view,0,50000,Daily,0,0,0,Ongoing,"1-day click",0,ABSOLUTE_OCPM,2026-07-24T11:35:26+0700,-,-,-,"Micro Targeting A+",,,,,0,0,,,
2026-07-01,2026-07-31,"Setiap Rasa",18-24,female,not_delivering,22,profile_visit_view,255.36363636,50000,Daily,5618,403,322,Ongoing,"1-day click",0,ABSOLUTE_OCPM,2026-07-24T11:35:26+0700,-,-,-,"Micro Targeting A+",0.00621118,25,20,4.962779,1.251553,5,25,,
2026-07-01,2026-07-31,"Setiap Rasa",18-24,male,not_delivering,13,profile_visit_view,252.46153846,50000,Daily,3282,326,239,Ongoing,"1-day click",0,ABSOLUTE_OCPM,2026-07-24T11:35:26+0700,-,-,-,"Micro Targeting A+",0.0083682,15,12,3.680982,1.364017,3,15,,
2026-07-01,2026-07-31,"Setiap Rasa",18-24,unknown,not_delivering,,,,50000,Daily,21,2,2,Ongoing,"1-day click",0,ABSOLUTE_OCPM,2026-07-24T11:35:26+0700,-,-,-,"Micro Targeting A+",0,,,,1,0,,,
2026-07-01,2026-07-31,"Setiap Rasa",25-34,female,not_delivering,94,profile_visit_view,327.74468085,50000,Daily,30808,2240,1742,Ongoing,"1-day click",0,ABSOLUTE_OCPM,2026-07-24T11:35:26+0700,-,-,-,"Micro Targeting A+",0.00918485,121,96,4.285714,1.285878,22,121,,
2026-07-01,2026-07-31,"Setiap Rasa",25-34,male,not_delivering,80,profile_visit_view,311.6375,50000,Daily,24931,1975,1418,Ongoing,"1-day click",0,ABSOLUTE_OCPM,2026-07-24T11:35:26+0700,-,-,-,"Micro Targeting A+",0.0112835,107,82,4.151899,1.392807,17,107,,
2026-07-01,2026-07-31,"Setiap Rasa",25-34,unknown,not_delivering,2,profile_visit_view,269.5,50000,Daily,539,12,10,Ongoing,"1-day click",0,ABSOLUTE_OCPM,2026-07-24T11:35:26+0700,-,-,-,"Micro Targeting A+",0,2,1,8.333333,1.2,0,2,,
2026-07-01,2026-07-31,"Setiap Rasa",35-44,female,not_delivering,56,profile_visit_view,596.14285714,50000,Daily,33384,1795,1384,Ongoing,"1-day click",0,ABSOLUTE_OCPM,2026-07-24T11:35:26+0700,-,-,-,"Micro Targeting A+",0.01806358,86,53,2.952646,1.296965,20,86,,
2026-07-01,2026-07-31,"Setiap Rasa",35-44,male,not_delivering,38,profile_visit_view,533.31578947,50000,Daily,20266,1221,943,Ongoing,"1-day click",0,ABSOLUTE_OCPM,2026-07-24T11:35:26+0700,-,-,-,"Micro Targeting A+",0.00848356,54,39,3.194103,1.294804,10,54,,
2026-07-01,2026-07-31,"Setiap Rasa",35-44,unknown,not_delivering,1,profile_visit_view,80,50000,Daily,80,6,5,Ongoing,"1-day click",0,ABSOLUTE_OCPM,2026-07-24T11:35:26+0700,-,-,-,"Micro Targeting A+",0,2,2,33.333333,1.2,0,2,,
2026-07-01,2026-07-31,"Setiap Rasa",45-54,female,not_delivering,67,profile_visit_view,351.52238806,50000,Daily,23552,1010,816,Ongoing,"1-day click",0,ABSOLUTE_OCPM,2026-07-24T11:35:26+0700,-,-,-,"Micro Targeting A+",0.03308824,100,70,6.930693,1.237745,23,100,,
2026-07-01,2026-07-31,"Setiap Rasa",45-54,male,not_delivering,28,profile_visit_view,436.03571429,50000,Daily,12209,650,484,Ongoing,"1-day click",0,ABSOLUTE_OCPM,2026-07-24T11:35:26+0700,-,-,-,"Micro Targeting A+",0.01652893,37,28,4.307692,1.342975,9,37,,
2026-07-01,2026-07-31,"Setiap Rasa",45-54,unknown,not_delivering,,,,50000,Daily,147,7,5,Ongoing,"1-day click",0,ABSOLUTE_OCPM,2026-07-24T11:35:26+0700,-,-,-,"Micro Targeting A+",0,,,,1.4,0,,,
2026-07-01,2026-07-31,"Setiap Rasa",55-64,female,not_delivering,18,profile_visit_view,453.11111111,50000,Daily,8156,339,281,Ongoing,"1-day click",0,ABSOLUTE_OCPM,2026-07-24T11:35:26+0700,-,-,-,"Micro Targeting A+",0.01779359,24,19,5.60472,1.206406,5,24,,
2026-07-01,2026-07-31,"Setiap Rasa",55-64,male,not_delivering,15,profile_visit_view,384.66666667,50000,Daily,5770,175,135,Ongoing,"1-day click",0,ABSOLUTE_OCPM,2026-07-24T11:35:26+0700,-,-,-,"Micro Targeting A+",0.03703704,22,17,9.714286,1.296296,3,22,,
2026-07-01,2026-07-31,"Setiap Rasa",65+,female,not_delivering,10,profile_visit_view,239.2,50000,Daily,2392,110,87,Ongoing,"1-day click",0,ABSOLUTE_OCPM,2026-07-24T11:35:26+0700,-,-,-,"Micro Targeting A+",0.05747126,15,9,8.181818,1.264368,1,15,,
2026-07-01,2026-07-31,"Setiap Rasa",65+,male,not_delivering,2,profile_visit_view,645,50000,Daily,1290,73,62,Ongoing,"1-day click",0,ABSOLUTE_OCPM,2026-07-24T11:35:26+0700,-,-,-,"Micro Targeting A+",0.0483871,5,2,2.739726,1.177419,1,5,,
2026-07-01,2026-07-31,"Setiap Rasa",65+,unknown,not_delivering,,,,50000,Daily,7,1,1,Ongoing,"1-day click",0,ABSOLUTE_OCPM,2026-07-24T11:35:26+0700,-,-,-,"Micro Targeting A+",0,,,,1,0,,,
2026-07-01,2026-07-31,"Setiap Rasa",Unknown,male,not_delivering,,,,50000,Daily,6,1,1,Ongoing,"1-day click",0,ABSOLUTE_OCPM,2026-07-24T11:35:26+0700,-,-,-,"Micro Targeting A+",0,,,,1,0,,,
2026-07-01,2026-07-31,"Setiap Rasa",Unknown,unknown,not_delivering,6,profile_visit_view,0,50000,Daily,0,0,0,Ongoing,"1-day click",0,ABSOLUTE_OCPM,2026-07-24T11:35:26+0700,-,-,-,"Micro Targeting A+",,,,,0,3,,,
2026-07-01,2026-07-31,"Ngumpung Bareng Temen",18-24,female,not_delivering,1,profile_visit_view,95,50000,Daily,95,19,19,Ongoing,"1-day click",0,ABSOLUTE_OCPM,2026-07-24T11:35:26+0700,-,-,-,"Micro Targeting A+",0,1,1,5.263158,1,0,1,,
2026-07-01,2026-07-31,"Ngumpung Bareng Temen",18-24,male,not_delivering,,,,50000,Daily,122,16,16,Ongoing,"1-day click",0,ABSOLUTE_OCPM,2026-07-24T11:35:26+0700,-,-,-,"Micro Targeting A+",0,,,,1,0,,,
2026-07-01,2026-07-31,"Ngumpung Bareng Temen",25-34,female,not_delivering,6,profile_visit_view,103.16666667,50000,Daily,619,44,38,Ongoing,"1-day click",0,ABSOLUTE_OCPM,2026-07-24T11:35:26+0700,-,-,-,"Micro Targeting A+",0,8,7,15.909091,1.157895,0,8,,
2026-07-01,2026-07-31,"Ngumpung Bareng Temen",25-34,male,not_delivering,,,,50000,Daily,532,48,44,Ongoing,"1-day click",0,ABSOLUTE_OCPM,2026-07-24T11:35:26+0700,-,-,-,"Micro Targeting A+",0,,,,1.090909,0,,,
2026-07-01,2026-07-31,"Ngumpung Bareng Temen",25-34,unknown,not_delivering,,,,50000,Daily,2,1,1,Ongoing,"1-day click",0,ABSOLUTE_OCPM,2026-07-24T11:35:26+0700,-,-,-,"Micro Targeting A+",0,,,,1,0,,,
2026-07-01,2026-07-31,"Ngumpung Bareng Temen",35-44,female,not_delivering,1,profile_visit_view,362,50000,Daily,362,18,17,Ongoing,"1-day click",0,ABSOLUTE_OCPM,2026-07-24T11:35:26+0700,-,-,-,"Micro Targeting A+",0,1,1,5.555556,1.058824,0,1,,
2026-07-01,2026-07-31,"Ngumpung Bareng Temen",35-44,male,not_delivering,2,profile_visit_view,445,50000,Daily,890,22,21,Ongoing,"1-day click",0,ABSOLUTE_OCPM,2026-07-24T11:35:26+0700,-,-,-,"Micro Targeting A+",0,3,2,9.090909,1.047619,0,3,,
2026-07-01,2026-07-31,"Ngumpung Bareng Temen",45-54,female,not_delivering,,,,50000,Daily,108,7,7,Ongoing,"1-day click",0,ABSOLUTE_OCPM,2026-07-24T11:35:26+0700,-,-,-,"Micro Targeting A+",0,,,,1,0,,,
2026-07-01,2026-07-31,"Ngumpung Bareng Temen",45-54,male,not_delivering,1,profile_visit_view,183,50000,Daily,183,10,10,Ongoing,"1-day click",0,ABSOLUTE_OCPM,2026-07-24T11:35:26+0700,-,-,-,"Micro Targeting A+",0,2,2,20,1,0,2,,
2026-07-01,2026-07-31,"Ngumpung Bareng Temen",55-64,female,not_delivering,,,,50000,Daily,397,25,24,Ongoing,"1-day click",0,ABSOLUTE_OCPM,2026-07-24T11:35:26+0700,-,-,-,"Micro Targeting A+",0,,,,1.041667,0,,,
2026-07-01,2026-07-31,"Ngumpung Bareng Temen",55-64,male,not_delivering,,,,50000,Daily,82,12,12,Ongoing,"1-day click",0,ABSOLUTE_OCPM,2026-07-24T11:35:26+0700,-,-,-,"Micro Targeting A+",0,,,,1,0,,,
2026-07-01,2026-07-31,"Ngumpung Bareng Temen",65+,female,not_delivering,3,profile_visit_view,340.66666667,50000,Daily,1022,51,48,Ongoing,"1-day click",0,ABSOLUTE_OCPM,2026-07-24T11:35:26+0700,-,-,-,"Micro Targeting A+",0,3,3,5.882353,1.0625,0,3,,
2026-07-01,2026-07-31,"Ngumpung Bareng Temen",65+,male,not_delivering,,,,50000,Daily,123,7,6,Ongoing,"1-day click",0,ABSOLUTE_OCPM,2026-07-24T11:35:26+0700,-,-,-,"Micro Targeting A+",0,,,,1.166667,0,,,
2026-07-01,2026-07-31,"Ngumpung Bareng Temen",Unknown,unknown,not_delivering,1,profile_visit_view,0,50000,Daily,0,0,0,Ongoing,"1-day click",0,ABSOLUTE_OCPM,2026-07-24T11:35:26+0700,-,-,-,"Micro Targeting A+",,,,,0,0,,,
